job_id,max_salary,med_salary
921716,20.0,
1829192,50.0,
10998357,65000.0,
23221523,175000.0,
35982263,80000.0,
91700727,20.0,
103254301,300000.0,
112576855,120000.0,
1218575,,
2264355,,350.0
9615617,,
11009123,,
56482768,,
56924323,,
69333422,,
83789755,,
95428182,,25.0
103860943,19.0,
111513530,,
115639136,,
117675818,,
121605673,,
133130219,,
134286190,,
136743465,,
141969940,,
175485704,,
196406165,,
227832999,24.0,
228003844,,
229924287,,23.0
231010577,,
243731357,,
258868844,,
263583866,,
266566927,75000.0,
266825034,65000.0,
280496925,4817.0,
345332937,,
358267047,,
368586246,,
445337908,110000.0,
606178500,135000.0,
634823509,,
658723396,,
705356075,28.0,
805229245,165000.0,
844454682,,
857299959,90000.0,
935210241,,
974774701,,
1014822088,80000.0,
1093227543,120000.0,
1129235875,,
1143359956,85000.0,
1168783207,,
1183148438,77000.0,
1219205895,140000.0,
1448163866,70000.0,
1573178251,,
1586552873,,
1755471110,,
1826257634,25.0,
1880409118,,
2011147642,,
2147609712,,56.41
2147609754,,
2147609766,150000.0,
2147609774,,
2147609785,,
2147609789,,
2147609816,,
2147609835,,
2147609840,25.0,
2147609858,,
2147609929,,
2157930553,,
2195921577,,
2234533717,,
2269442456,,
2314566469,,
2372177891,,
2404832493,26.0,
2428973832,,
2457183642,,
2558399667,70.0,
2735151240,,
2737009242,90000.0,
2747409392,,
2748500131,154398.4,
2790549389,,
2796728000,40.0,
2826285517,,
2838336689,,
2914254129,60000.0,
2920450495,75000.0,
2934066464,,
2954591060,28.0,
2957460032,40.0,
2974397965,85000.0,
2987175317,,
2989631782,90000.0,
3018278978,,
3040487795,,25.0
3045980831,90000.0,
3075721793,60000.0,
3117273910,,
3127577086,,
3169712432,,
3177010992,105000.0,
3184403524,,4200.0
3189117072,100000.0,
3190494363,,
3196627399,,17.0
3211657373,35.0,
3219089287,100000.0,
3245063922,,
3251984218,,
3260455681,109113.0,
3270034794,,
3273249702,150000.0,
3277232283,72000.0,
3297645846,90000.0,
3299509053,,
3308438674,,
3322949022,40000.0,
3328787598,,
3363439517,27.0,
3364366864,,
3366698309,,
3377655935,,
3379554375,,
3383214611,,
3386174836,,
3398076960,225000.0,
3407282046,,
3422171886,30.0,
3426467577,,
3431736996,,
3438939828,,
3438976411,50000.0,
3447180215,,45000.0
3452435884,,
3458210342,,14000.0
3466187886,85000.0,
3475821770,,
3475933396,,
3478606637,,
3478651125,,
3480552482,,
3483544074,,
3486250934,,
3487703305,25.0,
3492110889,,
3499072207,,
3511440340,30.0,
3514667133,,
3514683108,90000.0,
3515274431,,
3520238337,,
3527189387,16.0,
3530975184,84864.0,
3531344675,,
3533320307,,
3537193915,60000.0,
3540371917,,
3544166785,,
3547664337,,
3548616699,60.0,
3550388220,19.0,
3551631423,,
3555161614,,
3564676727,120000.0,
3566954493,,
3574102287,,
3578562287,25.0,
3580530332,,
3580545157,100000.0,
3581219846,,40.0
3582587683,40000.0,
3583960568,,
3586167732,,
3586242087,,
3592392532,,60000.0
3592869068,,36.0
3594311833,,
3594710940,,
3599918756,,
3606129051,297000.0,
3606634863,49.69,
3609090859,85000.0,
3610032286,130813.0,
3610591138,,
3610596223,22.0,
3614817348,35.0,
3619548798,190000.0,
3625991523,,
3626110567,95000.0,
3627141928,43.0,
3629278196,,
3635014033,,
3635117665,,
3635916819,,300.0
3636873993,20.0,
3638272617,,
3639866700,,
3642223753,70.0,
3644730777,,200000.0
3649948789,85000.0,
3651735073,110000.0,
3651779099,75000.0,
3656167404,65000.0,
3658924039,100000.0,
3659406780,42000.0,
3660449148,,
3662420217,,
3663813835,50000.0,
3665701347,,
3666781416,,
3678077169,20.0,
3679026145,,
3681437990,72000.0,
3682650399,,
3684991720,47.0,
3687125020,,
3690117793,9000.0,
3691624158,,
3691793998,16.0,
3692329268,,
3693083161,,
3693886408,,
3694149664,,
3698445650,75000.0,
3699237531,,
3699309082,40.0,
3699945651,,
3700064749,50.0,
3700068571,,
3700617207,30.0,
3700694895,,
3701198910,24.0,
3702659694,,
3703151811,,
3704185899,110000.0,
3704190127,95000.0,
3706460061,,
3708511732,,
3708903045,150000.0,
3708944827,72.0,
3709615746,,
3709767981,80000.0,
3710273988,,
3713452241,,
3713898217,,
3715249215,65000.0,
3715436359,,
3715891138,65000.0,
3720358336,,
3720384155,,
3720682554,100000.0,
3722423668,,
3723312535,,
3723335242,,
3726732147,200000.0,
3726764279,75000.0,
3727712512,65000.0,
3728459637,225.0,
3728879926,5000.0,
3728884217,,
3729323858,,
3729754558,,
3729768983,,
3731003001,,
3731389852,,
3736083076,,
3736684097,,
3736994600,130000.0,
3738006446,,
3738844984,,
3739446309,,
3739478140,,
3741582728,,
3742627219,25.0,
3742692445,,
3743875708,,
3744106614,,
3744936604,,
3745677818,94000.0,
3747072157,134000.0,
3748229910,20.0,
3748720888,,
3748909502,,
3752057112,,
3753758156,,
3755323506,28.0,
3756640753,,
3757672875,30.0,
3758935273,,
3761818635,70000.0,
3761942097,105000.0,
3762860888,20.0,
3763494664,,
3764329709,,31200.0
3765212611,50000.0,
3765433504,,
3766290342,90000.0,
3766973763,,
3767020403,,
3767035869,50.0,
3769036399,55000.0,
3769518300,25.0,
3769551683,,
3770151266,,
3771168117,15.0,
3773070651,70000.0,
3773564741,,
3774103540,,
3774870894,100000.0,
3776631402,,18.0
3777016674,,
3777765500,5000.0,
3778036844,250000.0,
3778723781,,
3779260325,,
3780003361,160000.0,
3780415828,80000.0,
3782349432,,
3782409045,,
3782812525,,
3783977901,,
3783979663,,
3784021865,80000.0,
3784077709,,
3784120102,,
3784367296,,
3784435614,,
3785146504,20.0,
3785849500,,
3787279047,400000.0,
3787503302,107000.0,
3787839455,125000.0,
3788295344,,
3788738919,,
3788980998,,
3789379757,,
3789402808,,
3790001722,125000.0,
3791290709,,
3792233622,,22.0
3792245483,,
3792362600,,
3792413736,,
3792953441,,
3794063618,52000.0,
3794986432,,
3795134838,,
3795138975,,
3795149962,,
3795156068,,
3795156313,,
3797449314,,
3797460723,70000.0,
3798453023,,
3798658570,,
3799217187,,
3799458858,60000.0,
3800272386,,
3800989742,,
3801646969,105000.0,
3802026770,180.0,
3802335735,,
3802339957,,
3802602037,,
3803052628,170000.0,
3803055615,250000.0,
3803659249,,
3804603307,50.0,
3804822096,80000.0,
3805103054,,
3808471710,,
3808735054,,
3808747564,,
3809032639,,
3809698192,,
3811513595,,20.0
3812656624,,
3812809624,,
3812814309,,
3813135937,45000.0,
3813645405,,
3813844724,,
3814231424,,
3814546942,80000.0,
3814570200,,
3814723048,75000.0,
3814983923,26.0,
3814998643,,
3815284050,45.0,
3815485980,,
3815847830,241400.0,
3816172762,75000.0,
3816179292,700000.0,
3816415678,,70000.0
3816831972,274206.0,
3817203807,90000.0,
3817454364,60000.0,
3818306840,50000.0,
3818311020,,
3818831254,,
3819416106,,
3819767400,90000.0,
3820392998,,
3820446027,,
3821047961,90000.0,
3821064325,,
3821190632,17.0,
3821689873,,
3822435165,170000.0,
3822582873,,
3822583239,100000.0,
3823861441,,
3824661875,55000.0,
3825550267,,
3826177405,73610.0,
3826266913,,
3826269982,435000.0,
3827268681,85000.0,
3827789831,,
3827923756,,
3827945924,,
3828515870,120000.0,
3829182727,,
3829184899,,
3829242915,,
3829280858,,
3829619875,,
3830297838,85000.0,
3830313052,8000.0,
3830396637,20.0,
3830916199,,
3831143681,20.0,
3831148511,,
3831190800,180000.0,
3831214149,,52000.0
3831807497,,
3831919828,400000.0,
3832103385,,24.3
3832120119,,
3832947295,60000.0,
3833199912,,
3833295504,,
3833402351,,
3833894876,120000.0,
3834087866,,
3835324900,85000.0,
3835341304,79321.0,
3835341430,,
3835357335,,
3835671506,,
3835703401,,
3835806869,200000.0,
3835918209,,
3835965860,,
3836372583,,
3836602983,85000.0,
3836759104,230000.0,
3836793450,34.0,
3837482218,,
3837546918,180000.0,
3837811979,,
3838150253,,
3838161045,,
3838533579,,
3838581744,,
3838732090,2000.0,
3838774352,50.0,
3839567678,,
3840166122,,
3840217276,,
3840554223,,60000.0
3840584142,80000.0,
3840688146,110000.0,
3840910043,,
3841003722,107.0,
3841334821,85000.0,
3841949093,,
3841963841,,
3842227398,,
3842513172,,
3842528795,50.0,
3843043188,,
3843083239,,
3843103150,27.0,
3843620018,,
3844017709,,
3844019967,,
3844025327,55000.0,
3844026638,,
3844031840,,
3844032378,,
3844035605,,
3844070064,,21.33
3844096324,,
3844216662,75000.0,
3844608722,,
3844654703,,
3844838697,120000.0,
3845186343,25.0,
3845412777,,35.0
3845468619,40.0,
3845877107,23.0,
3845924752,70000.0,
3846426461,47.0,
3846437219,95000.0,
3846960909,,
3847143087,65000.0,
3848297827,85000.0,
3848497987,,
3848811947,,71288.0
3848881977,,
3848960304,350000.0,
3848962376,,
3848963986,,
3849913605,,
3849949750,40000.0,
3849987120,,
3850259262,,
3850493836,,
3851105711,138948.0,
3851109061,,
3851131508,,20.0
3851780654,,
3851783898,,
3852117411,63.0,
3852348626,,
3852727765,,
3853386067,50000.0,
3853717462,,
3853719293,,
3853995874,,
3854137450,,
3854391822,7350.0,
3854654152,180.0,
3854810848,170000.0,
3854900554,,
3854915769,,
3855387504,,
3855427832,,
3855465728,,
3855856223,,
3855860744,,
3855887817,,
3855897428,100000.0,
3855969867,3000.0,
3856243244,,
3857044719,,
3857325080,,
3857348297,,100000.0
3857386463,,
3857541512,,
3857787956,,
3857818755,15.0,
3857848893,,
3858136981,,
3859073094,,
3859078474,,
3859082046,,25.0
3859513039,100000.0,
3859514569,170000.0,
3859575337,26.0,
3859578144,,
3860323934,,
3860323940,75000.0,
3860372966,,
3860378018,75000.0,
3860823414,,
3860829339,,
3860829739,,
3860843120,,
3861166245,100000.0,
3861222472,,15.91
3861575250,,
3861704803,,
3861708950,,
3861743053,22.0,
3861757344,,
3862107843,120000.0,
3862111398,,
3862121382,,
3862123581,,
3862132028,150.0,
3862154961,,
3862160543,,
3862373833,,
3862488328,,
3862537464,75000.0,
3862673730,79040.0,
3862682461,41.0,
3862705834,,
3862982513,,
3863028624,,
3863030008,,
3863046603,,
3863610227,,
3863616352,,
3863624365,28.0,
3863631572,,
3863869819,,85000.0
3864160493,,
3864169730,,
3864172721,,100000.0
3864347111,,
3864501161,,
3864519762,130000.0,
3864568838,,
3864575201,,
3864701312,60000.0,
3865179969,,
3865209247,100000.0,
3865391975,24.0,
3865441576,10000.0,
3865457964,,
3865549440,,
3865681931,,
3866244801,,
3866388732,,
3866468513,,
3866756779,,
3866803225,275.0,
3866844290,85000.0,
3867167975,25.0,
3867234681,,
3867550643,,
3867562444,,
3867568566,,
3867581937,,
3867756254,,
3867762229,,
3867763161,,24.27
3868004859,105000.0,
3868010733,,
3868035218,,75000.0
3868165768,,
3868384601,22.0,
3868417076,,
3868434254,,
3868450640,,
3868493438,,
3869413340,70.0,
3869490625,150000.0,
3869748264,,
3869757186,70.0,
3869776919,,
3870352558,,
3870359478,110000.0,
3870363142,55.0,
3870389946,,
3870701883,75000.0,
3870707329,,
3870709286,110000.0,
3871131511,,
3871144579,110000.0,
3871530154,,
3871631334,,
3871636939,,
3872015321,,
3872034277,,
3872255483,,
3872290694,,
3872781436,,
3872787865,,
3872794626,,
3873175436,,
3873176840,,
3873178671,120000.0,
3873183002,,
3873209956,,
3873486781,,
3873789262,280000.0,
3873909733,,
3874052166,,
3874150857,,
3874366322,,
3874702220,150.0,
3874965536,45.0,
3875041552,65000.0,
3875066415,80.0,
3875199851,75000.0,
3875471829,,
3875677847,,
3875731325,,
3875732985,,
3875735534,,
3875765946,40.0,
3876264575,,
3876429995,,
3876434405,,
3876457494,120000.0,
3876469865,65000.0,
3876572082,61000.0,
3876925520,,
3876991427,85000.0,
3877345234,,
3877509537,,
3878072014,75.0,
3878193413,,
3878233948,,
3878310231,,
3878329666,60000.0,
3878345482,,
3878348967,,
3878383329,,
3878803731,,
3878814926,,15.0
3878886873,190000.0,
3879228554,,
3879240957,250000.0,
3879283271,,
3880063171,,
3880088143,,
3880108413,,60.0
3880115287,,
3880134115,,
3880157614,16.0,
3880169314,,
3880176089,,
3880180438,85000.0,
3880190130,,
3880374275,,
3880380418,40.0,
3880591550,,
3880619804,,
3881051293,,
3881822529,,
3881931499,,
3881984061,,
3881986862,,
3881987723,32.0,
3882000504,,
3882144210,135200.0,
3882248468,175000.0,
3882279550,60.0,
3882347932,27.0,
3882358050,50000.0,
3882362301,,
3882935322,,
3883216578,125000.0,
3883315711,,
3883345359,,
3883403219,,
3883417521,,
3883469904,25.0,
3883546874,120000.0,
3883686441,,
3884003641,100000.0,
3884004631,,
3884249830,,
3884290980,,
3884422761,,
3884422904,,
3884424835,,
3884424904,,
3884425580,,
3884425780,,
3884425974,,85000.0
3884426652,110000.0,
3884426762,,45.32
3884426774,,
3884426885,,
3884426920,,
3884426925,,
3884426975,145000.0,
3884426996,,
3884426999,27.94,
3884427312,65000.0,
3884427334,85000.0,
3884427691,,
3884427693,,
3884427746,,
3884427833,,
3884427871,,
3884427957,,
3884427958,,
3884427963,,
3884427964,,
3884427965,,
3884427966,,
3884427967,,
3884427968,,
3884427971,,
3884427990,,105000.0
3884428490,,
3884428699,300000.0,
3884428728,,
3884428729,67000.0,
3884428798,,20.0
3884428894,,
3884428970,,
3884428977,,
3884428980,,
3884428982,,
3884428983,101000.0,
3884428984,,
3884428991,,
3884428994,,150000.0
3884429179,,
3884429541,,
3884429549,,
3884429551,,
3884429552,,
3884429603,,
3884429608,,
3884429609,,
3884429610,150000.0,
3884429613,,
3884429616,4652.0,
3884429619,,
3884429620,,
3884429624,,
3884429625,100000.0,
3884429634,115000.0,
3884429636,,
3884429637,,
3884429642,,
3884429653,120000.0,
3884429657,28.0,
3884429660,,
3884429663,,
3884429666,,
3884429672,,
3884429682,,
3884429683,,
3884429684,,
3884429686,69.01,
3884429697,,
3884429699,,
3884429701,,
3884429703,27.0,
3884429705,32.0,
3884429714,,
3884429717,,
3884429722,,
3884429724,,
3884429726,,
3884429733,,
3884429747,,
3884429748,175000.0,
3884429749,,
3884429751,,
3884429758,,
3884429763,,
3884429764,,
3884429775,,
3884429777,59.86,
3884429781,76000.0,
3884429786,,
3884429787,,
3884429788,34.61,
3884429790,,
3884429793,,
3884429801,,
3884429809,,
3884429830,,
3884429852,25.0,
3884429858,,
3884429859,,
3884429864,,
3884429878,195000.0,
3884429879,,
3884429892,98400.0,
3884429902,72000.0,
3884429973,,
3884430130,35.0,
3884430256,,
3884430259,,
3884430272,,15.0
3884430273,,
3884430395,,
3884430432,,17.0
3884430505,,
3884430507,,
3884430508,,
3884430512,,
3884430513,,
3884430521,,
3884430524,,
3884430549,,
3884430577,,
3884430583,100000.0,
3884430585,,
3884430586,,
3884430590,,
3884430592,8398.0,
3884430597,,
3884430601,105000.0,
3884430605,100000.0,
3884430607,150000.0,
3884430608,75000.0,
3884430611,40.0,
3884430614,,
3884430615,,
3884430616,47.0,
3884430628,,
3884430632,,
3884430634,,
3884430638,,
3884430647,,
3884430648,,
3884430655,25.0,
3884430657,24.0,
3884430666,,
3884430673,106496.0,
3884430682,,
3884430684,,
3884430690,100000.0,
3884430691,20.98,
3884430700,55000.0,
3884430701,,
3884430718,,
3884430719,35.0,
3884430726,175000.0,
3884430732,,
3884430735,,
3884430741,,
3884430751,230000.0,
3884430752,,
3884430769,30.0,
3884430774,,
3884430781,35.0,
3884430789,160000.0,
3884430793,90916.8,
3884430800,,
3884430801,35.0,
3884430807,,
3884430813,,
3884430816,,
3884430817,,
3884430827,,
3884430909,,
3884430913,,
3884430915,,
3884430949,,
3884430958,93000.0,
3884430966,41600.0,
3884431058,85000.0,
3884431121,23.0,
3884431165,,
3884431253,,
3884431437,,
3884431480,,
3884431490,,
3884431493,,
3884431494,,
3884431495,,
3884431496,,
3884431497,,
3884431507,70000.0,
3884431523,120000.0,
3884431542,,
3884431550,,
3884431554,90000.0,
3884431558,,
3884431562,,
3884431563,55000.0,
3884431566,,
3884431567,,
3884431568,,
3884431572,,
3884431576,,
3884431577,,
3884431578,150000.0,
3884431580,,
3884431591,,
3884431593,,
3884431598,,
3884431599,,
3884431614,27.0,
3884431621,90000.0,
3884431629,,
3884431632,,
3884431637,75000.0,
3884431641,75.0,
3884431643,,
3884431645,,
3884431648,125139.74,
3884431654,175000.0,
3884431655,,
3884431679,,
3884431687,,
3884431694,,
3884431706,67550.13,
3884431709,80000.0,
3884431723,,
3884431726,,
3884431728,51.66,
3884431732,,
3884431734,55000.0,
3884431744,,
3884431769,,
3884431771,,
3884431792,,
3884431794,40.0,
3884431796,,
3884431797,60934.0,
3884431803,,23.0
3884431807,,
3884431808,,
3884431809,34.0,
3884431822,90000.0,
3884431830,,
3884431837,,
3884431853,70000.0,
3884431892,,
3884431956,100000.0,
3884431973,37800.0,
3884432117,,
3884432168,,
3884432217,,
3884432259,,
3884432301,60000.0,
3884432321,,
3884432402,,
3884432403,,
3884432406,,
3884432409,,
3884432411,,
3884432412,,
3884432420,,
3884432421,,
3884432422,85000.0,
3884432431,,
3884432436,25.0,
3884432468,,48.43
3884432469,35.5,
3884432470,,
3884432471,,
3884432481,100000.0,
3884432486,55.0,
3884432488,,
3884432491,28.32,
3884432493,18.43,
3884432497,,
3884432498,100000.0,
3884432517,,
3884432522,,
3884432524,,
3884432529,105200.0,
3884432530,,
3884432534,130000.0,
3884432535,,
3884432540,,
3884432541,,
3884432547,,
3884432548,70000.0,
3884432550,21.0,
3884432572,22.0,
3884432575,,
3884432576,,
3884432577,,
3884432578,,
3884432583,23.0,
3884432597,,
3884432607,,
3884432608,,
3884432610,30.5,
3884432618,37.47,
3884432630,78270.0,
3884432634,,
3884432662,,
3884432668,65000.0,
3884432676,,
3884432678,,
3884432683,,
3884432698,75000.0,
3884432702,45000.0,
3884432723,55000.0,
3884432727,,
3884432773,84000.0,
3884432782,75000.0,
3884432784,,
3884432785,,
3884432811,,
3884432812,,
3884432826,50000.0,
3884433132,,
3884433143,,53000.0
3884433225,,
3884433236,,
3884433240,27.12,
3884433241,120175.0,
3884433244,,40.0
3884433253,,
3884433254,,
3884433257,,
3884433263,,
3884433264,135000.0,
3884433270,40.0,
3884433280,,
3884433282,,
3884433285,,
3884433287,70000.0,
3884433290,65131.89,
3884433291,,
3884433292,115000.0,
3884433317,90000.0,
3884433322,90000.0,
3884433337,,
3884433350,,
3884433360,,
3884433363,,
3884433365,,
3884433366,,
3884433375,,
3884433381,55.0,
3884433390,,
3884433392,55000.0,
3884433393,,
3884433400,70000.0,
3884433403,150000.0,
3884433408,150000.0,
3884433417,,
3884433426,95000.0,
3884433456,140000.0,
3884433459,,
3884433467,,
3884433471,,
3884433482,,
3884433496,,
3884433520,,
3884433559,,
3884433564,,52900.0
3884433565,,
3884433568,120000.0,
3884433628,37800.0,
3884433631,,
3884433638,,
3884433728,,
3884433741,,
3884433745,,
3884433770,,
3884433888,,
3884433891,125000.0,
3884433899,,
3884433908,,
3884433910,,
3884433916,15.0,
3884433926,,
3884433946,,
3884433949,,
3884433953,,
3884433956,,
3884433957,,57.0
3884433958,,
3884433990,,22.0
3884433992,90000.0,
3884433996,50.0,
3884434005,,
3884434011,,
3884434020,,
3884434034,110000.0,
3884434037,,
3884434046,,
3884434047,,
3884434062,105000.0,
3884434066,80000.0,
3884434076,,
3884434095,,112000.0
3884434097,30.0,
3884434099,,
3884434100,,
3884434101,,
3884434103,120000.0,
3884434105,,
3884434107,,40000.0
3884434109,,
3884434112,46.0,
3884434113,51.0,
3884434114,110.0,
3884434115,,
3884434116,,
3884434120,,
3884434128,,
3884434129,200000.0,
3884434134,110000.0,
3884434137,,
3884434138,,
3884434141,,
3884434146,,
3884434148,76000.0,
3884434160,,
3884434165,80000.0,
3884434169,70000.0,
3884434170,,
3884434196,,
3884434198,,
3884434201,,
3884434205,,
3884434209,,
3884434210,220000.0,
3884434211,65.0,
3884434212,27.0,
3884434225,26.22,
3884434230,,
3884434250,,
3884434253,,
3884434262,50.0,
3884434270,80000.0,
3884434279,,
3884434286,105000.0,
3884434287,,
3884434296,,
3884434302,,
3884434304,,
3884434305,,
3884434318,,
3884434319,,
3884434338,75.0,
3884434376,575000.0,
3884434384,91000.0,
3884434396,,
3884434421,,
3884434487,92700.0,
3884434598,120000.0,
3884434664,,
3884434686,,
3884434730,,
3884434731,40.0,
3884434736,19.0,
3884434738,,
3884434743,,
3884434744,,
3884434746,195000.0,
3884434747,106028.0,
3884434764,,42500.0
3884434774,,
3884434778,90885.0,
3884434785,,
3884434786,27.82,
3884434792,38.0,
3884434794,,
3884434795,,
3884434796,,
3884434797,,
3884434798,,
3884434799,,
3884434800,,
3884434801,,
3884434802,,
3884434804,,
3884434805,,
3884434808,,
3884434851,135000.0,
3884434857,,
3884434858,,
3884434860,,
3884434864,139000.0,
3884434866,48.0,
3884434877,35.0,
3884434881,,
3884434884,26.09,
3884434887,,
3884434889,,
3884434894,,
3884434905,,
3884434906,,
3884434929,,
3884434939,80.0,
3884434944,,
3884434945,180000.0,
3884434946,,
3884434958,61000.0,
3884434965,,
3884434966,,
3884434968,,
3884434969,,
3884434973,,
3884434974,,
3884434978,,55.0
3884434980,,
3884434981,,
3884434985,,23.3
3884434986,,
3884434988,,
3884435023,115000.0,
3884435029,24.0,
3884435030,48000.0,
3884435032,,
3884435033,,
3884435035,,
3884435040,,
3884435043,,
3884435044,,
3884435045,85000.0,
3884435048,,
3884435050,,
3884435053,,
3884435055,,
3884435057,,
3884435060,,
3884435067,,
3884435078,200000.0,
3884435086,,
3884435101,140000.0,
3884435113,,
3884435115,,
3884435116,,
3884435120,30.0,
3884435127,,
3884435132,,
3884435151,84240.0,
3884435152,200000.0,
3884435156,67000.0,
3884435157,,
3884435166,,
3884435175,29.0,
3884435178,32.0,
3884435182,,
3884435186,,
3884435192,120.0,
3884435197,,
3884435198,,
3884435199,80000.0,
3884435204,27.12,
3884435208,26.0,
3884435216,40.0,
3884435219,184725.0,
3884435224,,
3884435231,,
3884435265,,
3884435271,,
3884435278,165000.0,
3884435279,32.0,
3884435281,160000.0,
3884435283,,
3884435287,,23.0
3884435301,,
3884435307,100000.0,
3884435308,,
3884435309,,
3884435311,,
3884435313,,
3884435314,,
3884435317,,
3884435325,,
3884435336,58.5,
3884435384,25.0,
3884435400,,
3884435406,,
3884435436,,
3884435460,,
3884435469,79400.0,
3884435471,,
3884435495,,
3884435534,,
3884435681,,
3884435689,,
3884435695,135000.0,
3884435732,,
3884435755,90000.0,
3884435756,,85596.92
3884435766,,
3884435771,,
3884435773,,
3884435777,,
3884435789,,
3884435790,,
3884435791,,
3884435792,,
3884435802,165000.0,
3884435804,55000.0,
3884435805,,
3884435808,130000.0,
3884435809,,
3884435811,78000.0,
3884435812,,
3884435813,68000.0,
3884435815,,
3884435818,250000.0,
3884435829,200000.0,
3884435830,,
3884435831,,
3884435834,,
3884435854,,
3884435856,,
3884435857,,
3884435858,,
3884435865,49.57,
3884435870,,2000.0
3884435872,,
3884435873,,
3884435874,,
3884435880,,
3884435881,,
3884435887,115000.0,
3884435901,,
3884435902,,
3884435903,,
3884435904,,
3884435907,,
3884435908,,
3884435911,,
3884435912,,
3884435920,,
3884435921,,32.15
3884435924,,
3884435925,,
3884435926,,
3884435927,,27.25
3884435928,20.46,
3884435931,,
3884435947,,44.82
3884435949,300000.0,
3884435950,,
3884435954,50.0,
3884435955,,
3884435957,55.0,
3884435958,,
3884435971,80000.0,
3884436002,,
3884436005,,
3884436007,,
3884436018,,
3884436021,80405.0,
3884436023,130000.0,
3884436024,119553.0,
3884436027,,
3884436031,,
3884436032,,
3884436034,68.0,
3884436038,,
3884436039,,18.0
3884436043,,70000.0
3884436049,,
3884436058,,
3884436075,,
3884436082,,
3884436083,175000.0,
3884436085,,
3884436090,,
3884436096,,
3884436098,,
3884436105,,
3884436108,,
3884436115,,
3884436123,26.0,
3884436129,,
3884436130,,
3884436140,,
3884436145,,
3884436146,85000.0,
3884436148,140.0,
3884436151,,
3884436165,,
3884436167,,
3884436168,17.0,
3884436183,75000.0,
3884436192,,55000.0
3884436194,98760.0,
3884436197,38.42,
3884436199,105200.0,
3884436202,,
3884436204,,
3884436206,140000.0,
3884436209,23.07,
3884436210,,
3884436211,65000.0,
3884436218,62400.0,
3884436248,,
3884436258,,
3884436262,,90000.0
3884436265,,
3884436278,,
3884436300,,
3884436367,30.0,
3884436419,,
3884436566,150000.0,
3884436569,28.0,
3884436638,,
3884436639,,
3884436644,,
3884436647,,
3884436663,87520.0,
3884436665,,
3884436671,140000.0,
3884436679,,
3884436683,,
3884436684,,
3884436703,,
3884436723,,
3884436725,,
3884436739,,
3884436740,210000.0,
3884436742,,
3884436743,,
3884436744,,
3884436746,,
3884436753,,
3884436756,,
3884436762,,
3884436765,18.0,
3884436790,180000.0,
3884436794,75000.0,
3884436805,,
3884436831,,
3884436833,,
3884436836,87.0,
3884436837,,
3884436854,,
3884436855,,
3884436863,,
3884436869,,
3884436884,,20.92
3884436886,40160.0,
3884436889,,
3884436891,,
3884436892,,
3884436895,,
3884436896,,
3884436900,31.25,
3884436903,,
3884436905,,
3884436906,,
3884436907,,22.0
3884436909,,
3884436911,,
3884436917,115000.0,
3884436918,,
3884436921,,
3884436924,,
3884436927,30.0,
3884436928,,
3884436932,,
3884436935,,
3884436938,80000.0,
3884436942,175000.0,
3884436996,,
3884436999,170000.0,
3884437017,37800.0,
3884437020,,
3884437026,37800.0,
3884437031,,
3884437152,130000.0,
3884437155,35.0,
3884437228,145172.94,
3884437232,,
3884437239,,800.0
3884437244,15000.0,
3884437251,60000.0,
3884437267,,
3884437275,,
3884437283,,
3884437291,80000.0,
3884437305,,
3884437308,,
3884437311,,
3884437323,,
3884437325,,
3884437326,,
3884437331,19.71,
3884437343,,
3884437356,,
3884437364,,
3884437392,,
3884437395,,
3884437398,,
3884437415,160000.0,
3884437416,,
3884437417,,
3884437418,,20.5
3884437420,,
3884437430,,
3884437433,,
3884437436,,
3884437438,,
3884437439,,
3884437441,47.69,
3884437442,,
3884437456,,
3884437460,,
3884437467,,
3884437471,,
3884437480,,
3884437487,,
3884437488,,
3884437492,,
3884437494,,
3884437498,127050.0,
3884437499,,
3884437500,,
3884437501,,
3884437507,,
3884437510,,
3884437511,,
3884437524,,
3884437535,,
3884437568,,80.0
3884437583,68000.0,
3884437594,9500.0,
3884437602,,
3884437603,,
3884437606,,
3884437613,130000.0,
3884437614,,
3884437640,145000.0,
3884437645,,
3884437682,,
3884437686,,
3884437691,,
3884437692,45.0,
3884437703,,
3884437704,,
3884437706,95000.0,
3884437718,300000.0,
3884437721,,
3884437722,180000.0,
3884437728,150000.0,
3884437730,25.0,
3884437737,21.5,
3884437742,,
3884437744,,
3884437746,,
3884437755,300000.0,
3884437806,208000.0,
3884437817,,
3884437819,149800.0,
3884437833,,57.0
3884437837,,
3884437850,,
3884437856,,
3884437859,,
3884437909,,
3884437914,38.0,
3884437917,,60000.0
3884437919,,
3884437939,,
3884437948,,
3884437987,,
3884438001,105000.0,
3884438082,173002.0,
3884438190,,
3884438195,80000.0,
3884438206,,
3884438208,,
3884438218,,
3884438221,,
3884438223,,
3884438226,51.0,
3884438227,,
3884438231,,
3884438237,,
3884438242,,
3884438248,83.0,
3884438250,,
3884438262,,
3884438265,,
3884438273,,
3884438294,60000.0,
3884438295,,
3884438307,,
3884438309,,
3884438311,,
3884438312,,
3884438314,,
3884438323,,
3884438326,,
3884438327,,
3884438330,190000.0,
3884438334,,
3884438338,,
3884438356,,
3884438357,,
3884438359,105000.0,
3884438364,,29.0
3884438366,,
3884438370,,
3884438374,,
3884438389,,
3884438391,35.0,
3884438394,,
3884438395,,
3884438402,130000.0,
3884438405,,
3884438406,60.0,
3884438437,,
3884438447,125000.0,
3884438451,120000.0,
3884438462,,
3884438466,,
3884438467,,
3884438469,,
3884438470,,
3884438474,,
3884438475,,
3884438476,50.0,
3884438477,,
3884438478,,
3884438479,,
3884438483,,
3884438484,,
3884438490,,
3884438493,61000.0,
3884438495,,
3884438496,,
3884438499,,
3884438511,,
3884438518,,
3884438525,,
3884438526,142166.0,
3884438527,82867.0,
3884438559,,
3884438562,,
3884438563,,
3884438590,,
3884438591,,
3884438592,84000.0,
3884438595,,
3884438596,,74173.0
3884438599,,
3884438609,150000.0,
3884438611,,
3884438636,,
3884438638,,
3884438642,,
3884438643,,
3884438645,,
3884438646,,
3884438648,,
3884438674,,
3884438691,300000.0,
3884438692,,
3884438693,,
3884438696,,
3884438705,,
3884438707,,
3884438730,130000.0,
3884438733,,
3884438736,,
3884438760,,
3884438762,,
3884438768,,
3884438770,121000.0,
3884438789,,
3884438790,,
3884438791,124000.0,
3884438792,135000.0,
3884438813,26.0,
3884438814,210000.0,
3884438824,36.0,
3884438827,242000.0,
3884438892,,
3884438893,90.0,
3884438894,,
3884438903,,
3884438904,,
3884438905,,
3884438958,,
3884438960,,
3884438966,,
3884438967,,
3884439002,,
3884439160,26.0,
3884439167,232900.0,
3884439171,,
3884439188,,
3884439191,,77.0
3884439199,,
3884439201,,26.0
3884439216,30.25,
3884439226,,
3884439235,,
3884439240,,
3884439244,,
3884439249,,49.08
3884439251,,
3884439253,,
3884439254,,
3884439265,,
3884439266,19.71,
3884439269,,
3884439271,,
3884439275,91000.0,
3884439284,,
3884439285,,
3884439287,,
3884439288,,
3884439306,176000.0,
3884439343,135000.0,
3884439345,83.0,
3884439350,,
3884439351,,26.98
3884439352,,
3884439358,100000.0,
3884439362,,
3884439366,,
3884439373,,80000.0
3884439374,31.74,
3884439380,,
3884439401,,
3884439414,,
3884439419,,
3884439422,,
3884439423,,
3884439425,55000.0,
3884439429,,
3884439431,,
3884439434,100000.0,
3884439441,,
3884439442,,
3884439444,,
3884439445,,
3884439446,,
3884439447,,
3884439451,,
3884439453,,19.6
3884439454,,
3884439460,,
3884439475,,
3884439523,,
3884439533,180000.0,
3884439547,,
3884439550,,
3884439560,,
3884439561,,
3884439562,,42500.0
3884439563,,
3884439564,80000.0,
3884439565,30.0,
3884439566,,
3884439567,,
3884439588,20.0,
3884439590,75000.0,
3884439612,61000.0,
3884439641,,
3884439643,,
3884439660,,
3884439674,73000.0,
3884439682,,
3884439683,,
3884439684,,
3884439687,,
3884439694,,
3884439697,,
3884439702,,
3884439706,,
3884439711,,
3884439718,116688.0,
3884439729,,
3884439749,5948.0,
3884439761,,
3884439780,,
3884439781,,
3884439796,,
3884439805,,
3884439807,140000.0,
3884439827,,
3884439828,,
3884439849,,
3884439861,,
3884439884,70.0,
3884439917,,
3884439918,17.0,
3884439919,,19.0
3884439928,,
3884439949,18.3,
3884440051,,
3884440070,95000.0,
3884440074,200000.0,
3884440092,48000.0,
3884440094,,
3884440104,139588.0,
3884440107,,
3884440113,,
3884440114,,
3884440117,,50000.0
3884440119,,
3884440140,77900.0,
3884440143,,
3884440144,,
3884440148,,
3884440149,,
3884440160,,
3884440165,,
3884440188,,
3884440190,18.0,
3884440192,,
3884440195,130000.0,
3884440200,,
3884440201,37.0,
3884440202,,
3884440207,26.0,
3884440213,,
3884440218,,
3884440219,,
3884440221,,
3884440227,180000.0,
3884440229,103000.0,
3884440234,,
3884440235,,
3884440238,,
3884440239,,
3884440240,,
3884440246,,
3884440251,,1100.0
3884440260,,
3884440264,,
3884440265,,1000.0
3884440267,,
3884440270,,
3884440284,,
3884440285,,2328.0
3884440287,,
3884440288,,
3884440289,,
3884440290,,
3884440298,,23.8
3884440299,,26.0
3884440303,,
3884440304,,
3884440307,60000.0,
3884440308,,
3884440309,,
3884440311,,
3884440312,,
3884440327,,
3884440328,,30.0
3884440329,,
3884440332,,
3884440371,,
3884440381,,
3884440391,114904.0,
3884440397,16.0,
3884440398,19.59,
3884440400,40.0,
3884440405,,
3884440407,,
3884440410,,
3884440411,7114.0,
3884440418,,
3884440420,,
3884440442,,
3884440444,,
3884440453,,
3884440455,,
3884440478,60.0,
3884440484,40000.0,
3884440498,,
3884440505,,
3884440517,,25.0
3884440531,,
3884440532,,
3884440533,,
3884440534,,
3884440541,213400.0,
3884440568,61.89,
3884440596,,
3884440598,8398.0,
3884440599,,69000.0
3884440607,231000.0,
3884440612,,17.0
3884440623,,
3884440624,,
3884440628,,
3884440631,,
3884440639,,
3884440643,,
3884440647,,
3884440653,,
3884440655,,
3884440656,,80.0
3884440663,140000.0,
3884440664,,
3884440668,220000.0,
3884440675,,
3884440685,120000.0,
3884440697,,
3884440698,,
3884440712,,
3884440723,,
3884440724,,7000.0
3884440726,,
3884440730,23.0,
3884440740,95000.0,
3884440742,,
3884440743,,
3884440776,,
3884440786,,
3884440796,,
3884440801,,
3884440803,,
3884440805,,
3884440807,,
3884440818,142008.0,
3884440821,,64000.0
3884440822,,78000.0
3884440823,,
3884440824,,72000.0
3884440833,,
3884440844,,
3884440851,,
3884440852,,
3884440853,,
3884440858,,
3884440862,79140.0,
3884440863,,
3884440867,160000.0,
3884440876,,
3884440889,,
3884440921,188875.0,
3884440922,,
3884440932,,
3884440937,,
3884440951,,
3884440978,,
3884440979,,
3884440992,165000.0,
3884441006,82000.0,
3884441016,,
3884441019,,
3884441027,,
3884441030,,
3884441034,,
3884441035,,
3884441038,,
3884441039,,
3884441045,,
3884441051,150000.0,
3884441052,,
3884441054,,
3884441056,,
3884441060,,
3884441075,,
3884441077,60000.0,
3884441078,,
3884441079,,
3884441080,,
3884441084,,
3884441085,,19.0
3884441088,,
3884441097,45.0,
3884441099,,
3884441100,,
3884441108,,
3884441113,,
3884441118,,
3884441127,,
3884441131,123625.0,
3884441141,,
3884441167,,
3884441168,18.0,
3884441181,142140.0,
3884441183,68.55,
3884441198,,
3884441201,195000.0,
3884441202,180245.31,
3884441203,29.55,
3884441210,150000.0,
3884441229,,
3884441231,,
3884441232,85.0,
3884441268,,
3884441269,35.0,
3884441276,,
3884441278,27.0,
3884441279,,
3884441297,55.0,
3884441305,300000.0,
3884441311,,
3884441312,,
3884441313,,
3884441314,,
3884441315,,
3884441316,,
3884441318,,
3884441321,27.51,
3884441348,30.55,
3884441354,,
3884441355,600000.0,
3884441358,,
3884441376,,
3884441379,25.25,
3884441381,,
3884441387,,
3884441401,,
3884441417,205000.0,
3884441429,,
3884441438,50.0,
3884441442,,19.95
3884441447,,
3884441489,,
3884441501,,
3884441516,,
3884441537,,64000.0
3884441539,127700.0,
3884441541,20.0,
3884441543,,
3884441545,,
3884441546,38.7,
3884441547,112000.0,
3884441553,42.0,
3884441566,,
3884441588,,
3884441589,,
3884441611,,
3884441621,75000.0,
3884441631,,
3884441648,,
3884441652,,
3884441684,,
3884441744,88789.54,
3884441786,,
3884441789,,
3884441796,,
3884441797,,
3884441798,75000.0,
3884441802,,
3884441807,,
3884441812,,
3884441842,200000.0,
3884441874,69000.0,
3884441875,,
3884441917,,
3884441922,90000.0,
3884441936,,
3884441939,50.0,
3884441955,,
3884442000,,
3884442003,,
3884442008,142140.0,
3884442045,,
3884442062,30.0,
3884442067,,
3884442090,,
3884442091,18.0,
3884442116,,
3884442117,,
3884442151,135000.0,
3884442156,,
3884442160,,
3884442162,,
3884442164,175000.0,
3884442175,61000.0,
3884442193,,
3884442202,,
3884442203,,
3884442204,,
3884442206,,
3884442235,,35.74
3884442252,24.0,
3884442257,,
3884442267,10893.0,
3884442268,,
3884442278,95000.0,
3884442315,,
3884442324,,
3884442348,,
3884442358,,
3884442367,,
3884442415,,
3884442417,,
3884442418,,
3884442424,36.94,
3884442429,,
3884442437,,
3884442447,,
3884442452,,
3884442457,,
3884442502,,
3884442505,,
3884442527,,
3884442536,130000.0,
3884442544,,
3884442545,,
3884442554,,
3884442590,85000.0,
3884442606,,
3884442615,,
3884442625,,
3884442638,70.0,
3884442659,,
3884442668,,
3884442706,,
3884442707,75000.0,
3884442711,,
3884442712,,
3884442715,,
3884442736,,
3884442757,,
3884442766,,
3884442778,,
3884442838,240000.0,
3884442853,80.0,
3884442866,,
3884442989,,
3884442995,135000.0,
3884442997,62300.0,
3884443026,,
3884443038,,
3884443039,85000.0,
3884443048,,
3884443062,,
3884443063,198000.0,
3884443096,,
3884443106,,
3884443116,85000.0,
3884443118,,
3884443127,350000.0,
3884443144,600000.0,
3884443151,,
3884443161,,
3884443163,,
3884443181,,
3884443182,,
3884443193,,
3884443211,109000.0,
3884443228,,
3884443244,115000.0,
3884443249,27.0,
3884443258,,
3884443315,,
3884443338,,
3884443339,,
3884443358,,
3884443368,,
3884443393,,
3884443406,,66000.0
3884443409,,
3884443438,170000.0,
3884443458,90000.0,
3884443508,,
3884443512,,
3884443549,,
3884443627,,
3884443634,,70.0
3884443636,265000.0,
3884443637,,
3884443648,,
3884443656,,
3884443702,,
3884443704,111715.0,
3884443757,,
3884443806,,
3884443809,200000.0,
3884443817,,
3884443818,65000.0,
3884443954,24.0,
3884443978,85000.0,
3884444002,,
3884444006,,
3884444008,,
3884444012,,
3884444013,,
3884444031,164440.0,
3884444033,,
3884444034,,
3884444035,,
3884444037,80000.0,
3884444067,,70.0
3884444071,,30.0
3884444072,,
3884444080,110000.0,
3884444096,70.5,
3884444097,60000.0,
3884444113,,
3884444116,,
3884444120,,
3884444126,,
3884444137,47512.5,
3884444162,,
3884444170,,
3884444183,30.0,
3884444185,,
3884444186,,
3884444207,,
3884444231,,
3884444234,,
3884444252,,
3884444268,,
3884444270,,
3884444271,,
3884444305,,
3884444319,,
3884444342,100.0,
3884444347,120000.0,
3884444371,,
3884444372,,28.0
3884444376,,
3884444390,83600.0,
3884444391,,
3884444392,,
3884444393,,
3884444399,,
3884444407,,
3884444408,,
3884444422,,
3884444528,,
3884444593,,
3884444605,,
3884444606,,30.45
3884444607,,
3884444612,,
3884444613,120000.0,
3884444629,,
3884444636,,
3884444638,60.0,
3884444681,,
3884444738,,
3884444739,,
3884444742,,
3884444769,102284.0,
3884445010,,
3884445043,,
3884445071,,
3884445195,,
3884445235,,
3884445253,,
3884445382,36.54,
3884445414,58.0,
3884445603,77000.0,
3884445825,,36400.0
3884445938,,
3884445947,,
3884446075,,
3884446086,27.0,
3884446090,,
3884446141,123000.0,
3884446174,,
3884446185,,
3884446191,,
3884446192,,
3884446196,120000.0,
3884446225,,
3884446270,100000.0,
3884446292,,
3884446338,75000.0,
3884446482,,
3884446493,50.0,
3884446496,,
3884446615,42.0,
3884446629,,
3884446791,120000.0,
3884446804,,
3884447010,,
3884447042,,
3884447051,278900.0,
3884447063,,
3884447074,,
3884447122,,
3884447170,54.0,
3884447181,80000.0,
3884447182,,
3884447183,,
3884447187,,
3884447191,70.0,
3884447196,,
3884447197,,
3884447254,,
3884447277,33.0,
3884447394,270000.0,
3884447492,17.25,
3884447606,45000.0,
3884448056,,
3884448061,,
3884448062,,
3884448071,,
3884448072,,
3884448085,135000.0,
3884448112,,100000.0
3884448131,,
3884448142,45.0,
3884448172,,
3884448230,,
3884448485,,
3884449074,,
3884449075,203550.0,
3884449076,,
3884449084,80000.0,
3884449103,250000.0,
3884449440,,
3884449483,,
3884450103,26.0,
3884450108,58.0,
3884450304,50000.0,
3884450322,,
3884450329,75.0,
3884451334,,
3884452337,,
3884497756,53.71,
3884497757,21.16,
3884497758,,
3884497769,,
3884497778,,
3884497780,43.66,
3884497786,144525.0,
3884497787,,
3884497788,33.15,
3884497791,21.0,
3884497792,135000.0,
3884497893,80.0,
3884497908,,40000.0
3884497929,,
3884498671,73000.0,
3884498691,,
3884498692,47.26,
3884498693,,
3884498694,53.0,
3884498695,,
3884498718,135000.0,
3884498742,,
3884498743,110000.0,
3884498748,,40000.0
3884498763,215000.0,
3884498779,,
3884498907,,
3884498938,,
3884499533,110.0,
3884499562,,
3884499585,,40000.0
3884499827,,
3884499889,,
3884499916,27.0,
3884499917,,15.0
3884499921,,17.0
3884499926,19.1,
3884499984,,
3884525571,,
3884763401,,
3884790726,,
3884800381,135000.0,
3884800424,30.0,
3884800459,72000.0,
3884800467,,
3884800510,,
3884800557,111374.0,
3884800655,80000.0,
3884800882,,
3884800883,21.0,
3884800884,18.0,
3884800886,,19.0
3884800887,18.0,
3884800888,,
3884800894,12.5,
3884800994,110000.0,
3884801297,300000.0,
3884801300,,
3884801313,75000.0,
3884801356,38.0,
3884801360,250000.0,
3884801425,132000.0,
3884801458,100.0,
3884801688,,
3884801777,,
3884801879,,
3884801915,,
3884802145,95000.0,
3884802216,28.47,
3884802217,,
3884802236,35.0,
3884802251,298515.0,
3884802254,,60000.0
3884802255,,18.72
3884802259,,
3884802331,,
3884802338,24.0,
3884802345,,
3884802384,,
3884802404,60000.0,
3884802488,200000.0,
3884802637,,
3884802686,,17.5
3884802688,,
3884802690,,28.0
3884802693,,14.0
3884802694,,
3884802695,,
3884802797,,
3884802889,,
3884802905,,
3884802909,,
3884803107,50.16,
3884803141,22.0,
3884803142,,
3884803144,,60.0
3884803147,105000.0,
3884803174,,
3884803227,,
3884803231,,
3884803257,,40000.0
3884803323,,
3884803579,,15.0
3884803583,,18.0
3884803888,,
3884803973,80000.0,
3884803974,,125000.0
3884804017,150000.0,
3884804021,87297.6,
3884804022,57.62,
3884804043,80.0,
3884804061,110000.0,
3884804123,25.0,
3884804188,,
3884804203,,40000.0
3884804255,250000.0,
3884804274,,
3884804420,,
3884804492,,55.0
3884804591,85000.0,
3884804635,,
3884804689,,
3884804696,,
3884804860,,
3884804901,55.0,
3884804911,60.0,
3884804914,,
3884804930,,
3884804969,170000.0,
3884804971,,
3884804976,,
3884804979,45000.0,
3884804997,,
3884805078,190000.0,
3884805170,,
3884805175,,
3884805178,,
3884805186,240000.0,
3884805232,65.0,
3884805393,,
3884805401,20.0,
3884805491,,
3884805553,120000.0,
3884805562,35.0,
3884805573,,
3884805576,,
3884805577,250000.0,
3884805594,,
3884805604,36.0,
3884805622,46.0,
3884805632,,
3884805633,25.0,
3884805690,,
3884805709,,
3884805743,,
3884805758,,
3884805760,,65000.0
3884805761,,70000.0
3884805763,,37000.0
3884805764,,
3884805784,130000.0,
3884805785,,
3884805887,100000.0,
3884805949,,
3884805951,,
3884806074,52.0,
3884806427,,
3884806442,,
3884806491,,21.08
3884806509,90.0,
3884806563,,
3884806568,,27.0
3884806569,,
3884806575,,
3884806585,,
3884806586,,
3884806603,,54.0
3884806605,38.0,
3884806607,70000.0,
3884806617,,
3884806640,145000.0,
3884806653,90000.0,
3884806674,,
3884806683,85000.0,
3884806688,,
3884806695,,
3884806723,,
3884806743,,
3884806752,,
3884806763,107567.23,
3884806772,,
3884806800,40.87,
3884806827,,
3884806896,,
3884806906,,
3884806911,,
3884806970,,
3884806972,13356.0,
3884806975,,
3884806979,50000.0,
3884806982,,
3884807113,,
3884807140,,
3884807274,51.5,
3884807303,,
3884807326,,
3884807331,,
3884807336,71000.0,
3884807380,28.0,
3884807382,,
3884807389,70.0,
3884807393,,
3884807396,100000.0,
3884807408,20.0,
3884807419,,
3884807424,,
3884807429,,
3884807433,,
3884807480,,
3884807481,,
3884807482,,
3884807483,,
3884807484,,25.0
3884807485,,36.45
3884807486,,20.5
3884807487,,25.0
3884807500,,30.0
3884807507,,15.62
3884807668,,
3884807673,,
3884807680,27.94,
3884807750,,
3884807751,195000.0,
3884807774,,
3884807780,,
3884807795,,
3884807796,,
3884807798,,
3884807811,31.37,
3884807820,,
3884807829,7114.0,
3884807834,,
3884808088,,
3884808089,,
3884808190,,
3884808267,75.0,
3884808269,120000.0,
3884808282,125000.0,
3884808287,26.0,
3884808298,53.0,
3884808311,130000.0,
3884808325,65000.0,
3884808327,,
3884808341,21.0,
3884808345,,
3884808352,125000.0,
3884808369,,
3884808396,,70000.0
3884808417,,
3884808421,,
3884808430,,
3884808459,,
3884808461,,
3884808462,,
3884808478,135000.0,
3884808633,,
3884808699,136000.0,
3884808710,13356.0,
3884808721,,
3884808725,,
3884808726,,
3884808730,,
3884808777,,
3884808780,,
3884808781,,
3884808783,85000.0,
3884808793,,23.0
3884808817,175000.0,
3884808843,,
3884808844,,
3884809062,,
3884809118,950000.0,
3884809127,,
3884809131,75000.0,
3884809134,,
3884809136,,
3884809163,60.0,
3884809164,23.0,
3884809186,,
3884809194,,
3884809199,,65.0
3884809264,,
3884809300,,26.86
3884809301,,25.0
3884809483,,
3884809487,,
3884809489,,
3884809589,,
3884809623,,
3884809629,,
3884809646,,
3884809655,,
3884809680,,
3884810004,,
3884810065,60.0,
3884810067,105000.0,
3884810083,56.0,
3884810089,,
3884810122,,
3884810136,,32.95
3884810139,25.0,
3884810144,85000.0,
3884810147,,
3884810151,,
3884810167,48.0,
3884810180,,
3884810188,,
3884810221,,
3884810237,4000.0,
3884810243,,24.25
3884810267,22.0,
3884810345,,
3884810424,,
3884810425,,
3884810428,,
3884810429,,
3884810486,,
3884810490,,
3884810498,,
3884810526,20.0,
3884810550,,
3884810552,,
3884810558,20.0,
3884810573,,
3884810578,,
3884811001,32.0,
3884811012,120000.0,
3884811019,70000.0,
3884811025,165000.0,
3884811028,,
3884811053,170.0,
3884811058,80000.0,
3884811061,,
3884811064,,
3884811084,130478.87,
3884811094,,
3884811097,,
3884811126,,
3884811143,,23.5
3884811144,,
3884811145,,
3884811146,,
3884811147,,
3884811164,,22.91
3884811170,,
3884811331,,
3884811336,,
3884811337,,
3884811464,,
3884811465,,
3884811473,8500.0,
3884811482,,
3884811486,31.37,
3884811489,65000.0,
3884811491,,
3884811493,,
3884811786,,
3884811972,300000.0,
3884812055,,
3884812074,,
3884812103,,
3884812104,,31.0
3884812105,,
3884812106,,
3884812114,,
3884812229,,
3884812282,,
3884812337,13356.0,
3884812348,,
3884812354,,
3884812355,,
3884812359,,
3884812384,135000.0,
3884812398,130500.0,
3884812403,,
3884812409,19.42,
3884812410,20.0,
3884812417,31.37,
3884812418,,
3884812467,,
3884812895,22.5,
3884813011,13356.0,
3884813044,65.0,
3884813066,,
3884813074,,
3884813081,,
3884813082,,
3884813091,,
3884813096,,18.5
3884813104,,
3884813110,,
3884813122,22.5,
3884813159,30.8,
3884813777,167946.0,
3884813861,,
3884813862,,
3884813869,115000.0,
3884814015,46.0,
3884814033,,
3884814035,,
3884814036,,
3884814043,,
3884814045,,
3884814046,,
3884814049,,
3884814111,,
3884814321,115000.0,
3884814504,,
3884814547,300000.0,
3884814678,,
3884814709,,
3884814729,,
3884814758,,20.0
3884814759,,
3884814760,,
3884814762,,20.0
3884814773,,
3884815438,,
3884815460,90.0,
3884815479,,
3884815522,,
3884815523,,
3884815524,,
3884815527,,
3884815808,,
3884815821,65000.0,
3884815884,,
3884815927,,
3884815965,,
3884816076,115000.0,
3884816171,,
3884816269,,
3884816373,167946.0,
3884816403,65000.0,
3884816405,,
3884816489,,
3884816490,,
3884816521,,
3884816812,,
3884817273,,
3884817299,,
3884817358,,
3884817702,,135000.0
3884817707,22.0,
3884817712,110000.0,
3884817725,,
3884817876,86000.0,
3884817900,,
3884817903,,
3884817904,,
3884817933,,
3884817934,,
3884817937,,
3884817950,,
3884817953,,
3884817954,,
3884817957,,90.0
3884817960,,19.53
3884817962,,
3884817963,,
3884817966,,
3884817990,,
3884817996,,
3884818241,,
3884818257,,
3884818270,,
3884818271,,
3884818272,,
3884818331,,
3884818332,,
3884818347,105000.0,
3884818634,95000.0,
3884818657,,
3884818696,,
3884818795,,
3884818821,90000.0,
3884818822,70000.0,
3884818829,,
3884818831,,
3884818841,,
3884818853,,
3884818869,,
3884818888,,
3884818889,,
3884818890,,
3884818891,,
3884818894,,
3884818895,,25.0
3884818900,,
3884818901,,
3884818909,50.0,
3884818921,,
3884818922,,
3884818924,,
3884818942,,
3884818944,,
3884818954,,
3884818969,,
3884818992,68474.0,
3884818993,68474.0,
3884818995,107498.0,
3884819067,126984.0,
3884819110,,
3884819121,,
3884819126,,
3884819153,,
3884819188,,
3884819189,,
3884819258,60000.0,
3884819535,,
3884819675,,
3884819689,,
3884819709,64000.0,
3884819737,40.0,
3884819754,,
3884819755,,
3884819770,,
3884819777,,
3884819780,,
3884819781,,
3884819784,,
3884819785,,
3884819787,,
3884819790,,21.35
3884819793,,
3884819819,,3682.0
3884819821,,
3884819822,,
3884819951,19.0,
3884820063,150000.0,
3884820102,,
3884820105,,
3884820141,,
3884820143,,
3884820227,60000.0,
3884820575,65000.0,
3884820626,,
3884820634,191000.0,
3884820659,149880.0,
3884820665,,
3884820666,,
3884820667,,
3884820680,,
3884820682,,
3884820686,,
3884820687,,
3884820692,,
3884820693,,
3884820697,,
3884820698,,
3884820699,,
3884820702,,
3884820703,,
3884820705,,
3884820706,,
3884820711,,
3884820718,,
3884820732,,
3884820737,,
3884820752,,
3884820805,82867.0,
3884820994,,
3884821246,,
3884821309,62000.0,
3884821340,,5000.0
3884821357,116000.0,
3884821376,,
3884821384,,
3884821423,,
3884821431,,
3884821432,,
3884821433,,
3884821449,,20.0
3884821450,,
3884821454,,
3884821455,,
3884821457,,
3884821458,,
3884821461,,
3884821500,,
3884821501,,
3884821502,,
3884821503,,
3884821504,,
3884821508,,
3884821513,,
3884821525,32.0,
3884821540,139782.0,
3884821575,107498.0,
3884821618,75000.0,
3884821741,29.55,
3884821957,,
3884821964,,
3884821973,,
3884821974,,
3884821977,,
3884822052,,
3884822056,,55.0
3884822117,145000.0,
3884822124,,
3884822224,,
3884822233,133868.8,
3884822244,314500.0,
3884822256,,
3884822260,,
3884822297,,
3884822312,,
3884822313,,
3884822318,,
3884822319,,
3884822321,,90.0
3884822322,,
3884822324,,
3884822325,,
3884822328,,
3884822329,,20.0
3884822330,,90.0
3884822331,,
3884822364,,
3884822367,,
3884822368,,
3884822369,,
3884822370,,
3884822372,,
3884822375,,
3884822389,,
3884822624,,
3884822879,,
3884822884,72750.0,
3884822885,,
3884822945,,
3884822952,24.5,
3884822954,,
3884822955,19.0,
3884822958,,
3884822959,,
3884822960,,
3884822969,,
3884823026,,
3884823049,,
3884823050,,
3884823052,62000.0,
3884823059,,20.0
3884823081,,
3884823083,,
3884823112,,
3884823113,,
3884823118,,
3884823119,,
3884823121,,
3884823122,,
3884823124,,
3884823125,,
3884823128,,22.0
3884823129,,
3884823130,,
3884823134,,
3884823156,,
3884823159,,
3884823162,,
3884823164,,
3884823166,,
3884823179,,
3884823184,,
3884823405,,
3884823406,,
3884823410,77427.93,
3884823539,120000.0,
3884823612,,
3884823624,,
3884823654,,
3884823662,,
3884823663,,
3884823665,,
3884823666,,15.0
3884823667,,
3884823714,,
3884823716,,
3884823721,,
3884823722,,
3884823735,,
3884823738,,
3884823739,18.5,
3884823744,22.25,
3884823746,,
3884823769,177500.0,
3884823833,,
3884824015,,
3884824068,,
3884824072,,
3884824073,,
3884824082,,
3884824089,,
3884824091,,
3884824094,,2000.0
3884824097,,
3884824100,,
3884824101,,
3884824104,,
3884824105,,
3884824106,,
3884824107,,
3884824134,,
3884824135,,
3884824139,,21.5
3884824205,82867.0,
3884824207,107498.0,
3884824387,85000.0,
3884824394,33.84,
3884824439,,
3884824594,,
3884824618,,
3884824626,,
3884824661,,
3884824725,,
3884824727,,
3884824729,,
3884824737,,
3884824744,,72000.0
3884824746,,
3884824859,,
3884825052,68474.0,
3884825105,60000.0,
3884825213,,
3884825216,,
3884825357,,
3884825412,,
3884825415,,
3884825460,,
3884825493,,
3884825494,253900.0,
3884825497,,
3884825498,,
3884825537,,
3884825538,,
3884825543,,
3884825544,,
3884825545,,
3884825556,25.45,
3884825557,,
3884825558,,
3884825560,,
3884825562,,
3884825594,,
3884825609,,
3884825616,,
3884825959,,
3884825974,282200.0,
3884826297,,
3884826351,,
3884826359,,
3884826390,5916.0,
3884826403,,
3884826411,,
3884826424,,
3884826428,,
3884826473,,
3884826474,,
3884826482,22.5,
3884826485,,
3884826488,28.25,
3884826501,,
3884826502,,
3884826539,23.5,
3884826549,,
3884826894,85.0,
3884826903,,
3884826908,48.0,
3884826922,,
3884826982,,
3884826996,,
3884827148,,
3884827293,,
3884827295,,
3884827299,,
3884827355,221000.0,
3884827358,,
3884827377,,
3884827380,19.0,
3884827383,,
3884827386,,
3884827387,,
3884827402,,
3884827403,,
3884827404,,17.85
3884827405,,
3884827467,125000.0,
3884827488,231000.0,
3884827505,135800.0,
3884827516,,
3884827734,,
3884827763,,
3884827802,,22.5
3884827803,,19.0
3884827827,,
3884827880,,20.0
3884827908,,
3884827939,,
3884828214,,
3884828215,,
3884828250,,
3884828264,,
3884828265,,
3884828309,,
3884828322,,
3884828328,,
3884828332,,
3884828333,,
3884828336,,
3884828369,,
3884828708,,
3884828716,26.0,
3884828732,,
3884828756,,
3884828760,,
3884828763,,
3884828796,,
3884828829,,24.52
3884828840,,22.0
3884828841,,
3884828845,60000.0,
3884828947,250000.0,
3884829033,,
3884829034,,
3884829058,,
3884829059,,
3884829083,,
3884829096,22.5,
3884829103,,
3884829105,,
3884829106,25.45,
3884829116,,
3884829120,,72000.0
3884829121,,
3884829124,,
3884829125,,
3884829127,,
3884829128,,
3884829180,,
3884829210,,
3884829220,,
3884829470,,
3884829511,,
3884829563,143000.0,
3884829599,,
3884829603,,
3884829691,350000.0,
3884829737,69000.0,
3884829815,275000.0,
3884829876,,
3884829904,,
3884829934,,19.5
3884829935,,
3884829936,,
3884829937,165000.0,
3884829941,90000.0,
3884829942,77.0,
3884829945,,
3884829996,37.0,
3884830087,,
3884830257,,
3884830378,110000.0,
3884830386,,
3884830401,,50.0
3884830405,28.5,
3884830433,,29.0
3884830503,,
3884830797,,
3884830837,225000.0,
3884830850,25.0,
3884830851,,
3884830854,,21.5
3884830855,72.0,
3884830856,,
3884830859,175000.0,
3884830860,60000.0,
3884830866,,
3884830867,,
3884830871,,
3884830910,,
3884830911,48.0,
3884830912,,
3884830913,,
3884830942,,
3884830943,,45.0
3884830954,,
3884830955,,50.0
3884830960,17.5,
3884830964,,
3884831135,,
3884831136,,
3884831173,,
3884831246,,
3884831575,,
3884831614,,65.0
3884831615,60.0,
3884831616,,
3884831617,64000.0,
3884831620,,
3884831621,38.0,
3884831622,,165000.0
3884831623,,
3884831624,145000.0,
3884831625,104000.0,
3884831627,,
3884831631,,
3884831632,,
3884831649,275000.0,
3884831650,127900.0,
3884831670,,34.0
3884831707,130000.0,
3884831710,,
3884831718,,
3884831721,,
3884831770,,
3884831771,,
3884831776,,
3884831780,,
3884831783,37.5,
3884831784,,
3884831792,65000.0,
3884831801,,20.08
3884831802,,
3884831813,,19.53
3884831814,,19.53
3884831818,,4000.0
3884831820,,
3884831822,,
3884831826,,45.0
3884831935,121300.0,
3884831974,28.8,
3884831999,35731.0,
3884832102,,
3884832142,,
3884832148,,
3884832222,,
3884832569,65.0,
3884832570,,150000.0
3884832571,,
3884832572,,
3884832573,72000.0,
3884832576,,
3884832577,,
3884832578,29.0,
3884832579,41.0,
3884832580,,30.0
3884832584,30.0,
3884832590,70.0,
3884832603,,
3884832610,127900.0,
3884832611,,
3884832619,,
3884832629,,
3884832641,,
3884832672,,48.0
3884832678,,50.0
3884832682,,
3884832686,,
3884832743,,
3884832745,,
3884832746,,
3884832747,,
3884832756,,
3884832760,,
3884832761,,
3884832764,,32.0
3884832785,,17.5
3884832789,,
3884832790,,
3884832791,,
3884832792,,
3884832831,,
3884832969,144900.0,
3884832988,,
3884832996,,
3884832997,,
3884832998,26.69,
3884832999,,
3884833058,102000.0,
3884833059,60000.0,
3884833060,86000.0,
3884833385,,
3884833395,,
3884833398,,
3884833399,30.0,
3884833400,38.0,
3884833401,80.0,
3884833402,85000.0,
3884833403,125000.0,
3884833404,,
3884833408,,
3884833470,,24.0
3884833473,,
3884833476,,34.13
3884833542,,
3884833545,,
3884833546,,
3884833560,,
3884833577,,
3884833578,,
3884833593,,
3884833594,,
3884833595,,
3884833601,,45.0
3884833749,97100.0,
3884833795,,
3884833796,,
3884833811,225000.0,
3884834038,,
3884834349,,
3884834350,,130000.0
3884834351,150000.0,
3884834352,,
3884834359,,
3884834360,,
3884834369,35.0,
3884834371,,
3884834385,,
3884834404,,
3884834405,,17.0
3884834444,,
3884834447,,
3884834448,44.0,
3884834452,,34.13
3884834455,,
3884834464,,
3884834519,7.8,
3884834520,,
3884834529,,
3884834559,,
3884834560,110000.0,
3884834561,,
3884834562,,
3884834570,,
3884834581,,
3884834677,10.8,
3884834680,7.8,
3884834745,144900.0,
3884834760,,
3884834764,,
3884834765,,
3884834768,,50.0
3884834769,,
3884834779,200000.0,
3884835214,275000.0,
3884835220,,60.0
3884835221,,
3884835222,,
3884835224,,
3884835226,125000.0,
3884835228,,14.0
3884835231,79000.0,
3884835232,,
3884835255,,
3884835256,127900.0,
3884835273,,
3884835306,24.0,
3884835321,,
3884835322,,
3884835328,,
3884835337,250000.0,
3884835350,,
3884835366,,
3884835368,10.0,
3884835369,64100.0,
3884835372,,
3884835373,,
3884835374,,
3884835375,,
3884835376,,
3884835382,,
3884835401,65000.0,
3884835407,,
3884835408,,
3884835418,,
3884835419,,
3884835420,,
3884835421,,
3884835422,,
3884835423,,
3884835424,,
3884835431,,
3884835565,100000.0,
3884835583,,
3884835610,,
3884835611,,
3884835624,,
3884836150,,
3884836153,,
3884836157,,
3884836185,,
3884836204,,
3884836205,45.0,
3884836209,,135000.0
3884836210,,
3884836211,31.0,
3884836212,36.0,
3884836213,,
3884836215,,
3884836222,100000.0,
3884836254,,
3884836256,,
3884836268,,
3884836273,,40.62
3884836295,,
3884836296,,
3884836308,,
3884836310,,
3884836317,,
3884836326,275000.0,
3884836362,,
3884836365,,
3884836366,,
3884836367,,
3884836369,,
3884836374,,33.75
3884836377,,
3884836379,,
3884836386,,
3884836400,,
3884836407,,19.53
3884836411,,4000.0
3884836420,,
3884836434,,
3884836520,15.0,
3884836560,239300.0,
3884836571,180000.0,
3884836573,180000.0,
3884836577,23.0,
3884836579,,
3884836601,,
3884836604,,
3884836605,,
3884836606,,
3884837031,,
3884837034,,
3884837035,,
3884837078,,
3884837079,,
3884837080,,
3884837082,,
3884837085,,
3884837086,,
3884837087,,
3884837088,,
3884837094,,
3884837119,,
3884837122,,
3884837124,,
3884837125,,
3884837126,,
3884837128,,
3884837256,26.97,
3884837275,58.31,
3884837291,180000.0,
3884837296,180000.0,
3884837302,19.62,
3884837312,,
3884837323,,
3884837324,,
3884837327,,
3884837341,,
3884838012,,
3884838016,,
3884838023,,
3884838031,,
3884838037,,
3884838048,,
3884838049,,
3884838050,,
3884838060,219500.0,
3884838175,,
3884838225,106100.0,
3884838237,,
3884838238,,
3884838242,,
3884838243,,
3884838244,,
3884838245,,
3884838249,,
3884838255,,
3884838256,,
3884838748,95911.4,
3884838881,,
3884838882,,
3884839005,26.69,
3884839022,,
3884839024,95.0,
3884839032,,70.0
3884839167,17.0,
3884839178,,
3884839185,,
3884839186,,
3884839338,,
3884839341,,
3884839409,,
3884839645,100000.0,
3884839655,21.8,
3884839898,60000.0,
3884839918,,17.0
3884839921,,
3884839952,51.0,
3884839959,,
3884839963,,
3884839967,21.4,
3884839972,,
3884839978,,17.0
3884839991,,
3884840064,138600.0,
3884840280,,
3884840525,,
3884840680,21.8,
3884840980,,
3884840989,,
3884840994,,
3884841702,,
3884841820,30.1,
3884841822,30.0,
3884841830,21.4,
3884841845,,
3884841847,,
3884841916,,
3884841949,,
3884841977,146500.0,
3884842025,85000.0,
3884842084,,
3884842719,,
3884842758,,
3884842800,,
3884842809,,
3884842825,,
3884842826,,
3884842856,,
3884842897,243000.0,
3884842905,249000.0,
3884842917,350000.0,
3884843478,200000.0,
3884843535,,
3884843536,,
3884843537,,
3884843623,128000.0,
3884843642,90000.0,
3884843653,,
3884843664,,
3884843739,45.0,
3884843763,362544.0,
3884843931,,
3884843964,,
3884844506,,
3884844549,,
3884844553,,17.0
3884844595,,
3884844620,,
3884844630,,
3884844632,,
3884844652,,
3884844682,,
3884844684,144000.0,
3884844685,,
3884844686,125395.0,
3884844689,199080.0,
3884844723,,20.0
3884844881,,
3884844887,,
3884844890,,
3884844898,,
3884845254,,
3884845344,,54000.0
3884845345,,
3884845348,64.14,
3884845353,,
3884845356,,
3884845441,114005.0,
3884845442,120000.0,
3884845972,,
3884846133,,
3884846138,,
3884846249,,
3884846253,55.0,
3884846295,22.0,
3884846375,,20.0
3884846560,,
3884846594,,
3884846843,335000.0,
3884846848,,
3884846851,,
3884847006,,
3884847014,120000.0,
3884847058,,
3884847060,,
3884847129,,20.0
3884847130,,20.0
3884847279,,
3884847602,,
3884847606,,
3884847885,,17.5
3884847890,,
3884847892,,
3884847958,,
3884847999,,
3884848017,32.0,
3884848075,198000.0,
3884848102,,
3884848108,,
3884848264,,
3884848517,,
3884848634,,
3884848788,,
3884848857,,
3884848942,,
3884848963,,
3884848965,,
3884848974,,
3884848976,,
3884848991,,
3884849127,,
3884849383,,22.0
3884849395,,
3884849584,120000.0,
3884849595,,13.0
3884849688,40.0,
3884849727,,
3884849759,84000.0,
3884849797,,
3884849800,,
3884849857,,
3884849872,80000.0,
3884849940,,
3884849941,,
3884849957,,
3884850106,,
3884850754,,17.5
3884850796,,
3884850809,52.77,
3884850836,,
3884850846,,
3884850847,,
3884850852,,
3884850869,70000.0,
3884850876,,
3884850877,,
3884850934,,
3884850944,,24.48
3884850945,70000.0,
3884850958,,
3884850963,,
3884851325,,17.25
3884851463,,
3884851481,,
3884851514,,
3884851527,84000.0,
3884851532,,
3884851557,84000.0,
3884851623,,
3884851658,,
3884851679,,
3884851750,,
3884851752,,
3884851876,,
3884852366,,
3884852416,150000.0,
3884852500,,
3884852506,,
3884852537,,
3884852639,25.0,
3884852697,,
3884852700,,
3884852705,,
3884852706,,
3884852707,,
3884852720,,
3884852849,,
3884853175,,13.7
3884853275,,
3884853281,,
3884853295,,
3884853340,110000.0,
3884853360,,
3884853368,,
3884853428,180000.0,
3884853429,,
3884853512,175000.0,
3884853613,,
3884853614,,
3884853840,,
3884853913,,
3884853922,,
3884853923,,
3884853925,160000.0,
3884853986,,
3884854049,,
3884854102,,
3884854174,,23.0
3884854177,84000.0,
3884854185,,17.5
3884854216,,
3884854235,,
3884854296,105000.0,
3884854382,,
3884854386,247100.0,
3884854392,,
3884854489,,
3884854561,,
3884854622,,
3884854669,,
3884854736,230000.0,
3884854807,,19.0
3884854934,170000.0,
3884855077,,
3884855085,,
3884855093,,
3884855102,,
3884855103,,
3884855120,,
3884855209,,
3884855214,,
3884855249,,13.5
3884855308,,
3884855348,,
3884855386,,
3884855416,,
3884855512,,
3884855526,,
3884855528,82000.0,
3884855534,,16.0
3884855541,,
3884855543,,
3884855554,76000.0,
3884855645,20.0,
3884855666,,
3884855667,,
3884855686,,
3884855690,,55.29
3884855691,165000.0,
3884855750,53.0,
3884855774,,
3884855776,,
3884855815,,
3884855862,,
3884855863,,
3884856058,,
3884856059,,
3884856065,,
3884856074,,
3884856124,176000.0,
3884856205,228000.0,
3884856209,,
3884856240,,
3884856265,500000.0,
3884856274,,
3884856352,,
3884856372,,
3884856465,,
3884856492,160000.0,
3884856504,160000.0,
3884856544,77000.0,
3884856547,,
3884856551,,
3884856626,,
3884856652,80000.0,
3884856688,,23.0
3884856691,,23.0
3884856692,170000.0,
3884856796,,
3884856841,66000.0,
3884857008,176000.0,
3884857142,,
3884857165,,
3884857233,,
3884857289,,
3884857337,,
3884857354,,
3884857359,165000.0,
3884857363,,
3884857383,58.0,
3884857393,20.0,
3884857422,20.0,
3884857495,118400.0,
3884857506,,
3884857507,,
3884857552,20.0,
3884857557,130000.0,
3884857573,24.3,
3884857574,24.3,
3884857581,75000.0,
3884857590,,
3884857597,20000.0,
3884857599,,
3884857612,,
3884857695,,
3884858022,125000.0,
3884858068,,
3884858184,40.0,
3884858339,,
3884858450,,
3884858495,,27.23
3884858496,170000.0,
3884858560,,
3884858563,53.0,
3884859038,,
3884859115,,
3884859183,,61000.0
3884859198,,
3884859201,,
3884859259,,
3884859263,,
3884859325,,
3884859327,120000.0,
3884859328,,42.17
3884859329,,23.0
3884859398,25.28,
3884859400,53.0,
3884859423,,
3884859455,,
3884860095,,
3884860120,,
3884860122,160000.0,
3884860172,165000.0,
3884860248,20.0,
3884860256,35.0,
3884860257,,
3884860303,,25.0
3884860305,,27.23
3884860362,,
3884860429,,
3884861008,,
3884861014,,
3884861021,,
3884861045,,
3884861093,60000.0,
3884861115,50000.0,
3884861118,,27.0
3884861120,170000.0,
3884861123,20.0,
3884861161,20.0,
3884861213,,
3884861288,90000.0,
3884861822,,
3884862017,,
3884862019,,
3884862095,,
3884862110,,
3884862250,,
3884862578,,
3884864026,,
3884864364,,
3884864375,,
3884864622,,
3884865207,,
3884865472,,
3884865686,,
3884865697,,
3884866978,,
3884867299,,
3884867481,,
3884867489,,
3884867835,,
3884868240,,
3884868244,,
3884868815,,
3884869505,,
3884869510,,
3884869999,,
3884870741,,
3884870858,,
3884870954,,
3884871026,,
3884871167,,
3884871551,,
3884872004,,
3884872483,,
3884872808,,
3884874426,,
3884875073,,
3884875086,,
3884875186,,
3884875543,,
3884875819,,
3884876126,,
3884876150,,
3884876216,,
3884876251,,
3884876348,,
3884876489,,
3884876613,,
3884877227,,
3884877313,85000.0,
3884877356,,
3884877411,,
3884877687,,
3884877710,,
3884879848,,
3884879853,,
3884880108,,
3884880475,,
3884880920,,
3884881272,,
3884881403,,
3884881419,,
3884881471,,
3884882363,,
3884883022,,
3884883207,,
3884883347,,
3884883834,,
3884884201,,
3884884217,,
3884885102,,
3884885494,,
3884886627,,
3884887093,,
3884887544,,
3884887546,,
3884887555,,
3884887572,,23.7
3884887704,,
3884887958,,
3884888553,,
3884888639,,
3884888961,,
3884889034,,
3884889427,,
3884889793,,
3884889809,,
3884889841,,
3884889850,,
3884889857,,
3884889889,,
3884889937,,
3884890018,,
3884890037,,
3884890208,,
3884890849,,
3884890881,,
3884890897,,
3884890945,,
3884891469,,
3884891473,,
3884891729,,
3884891777,,
3884891793,,
3884891857,,
3884892513,,
3884892529,,
3884892593,,
3884892625,,
3884892673,,
3884892705,,
3884892909,,
3884893121,,
3884893521,,75.0
3884893545,,
3884893553,,
3884893633,,
3884893672,,
3884893729,,
3884893745,,
3884893761,,
3884893774,,18.0
3884893777,,
3884893793,,
3884894009,,
3884894016,,
3884894161,,
3884894273,,
3884894305,,
3884894440,,
3884894455,,
3884894569,,
3884894575,,
3884894669,42234.0,
3884894685,,
3884894701,,
3884894717,,
3884894733,,
3884894749,,
3884894765,,
3884894781,,
3884894790,,
3884894797,,10.0
3884894799,,
3884894823,,
3884894931,20.0,
3884894932,,
3884894934,,
3884894943,,
3884894953,,
3884894976,,
3884894977,,
3884894981,,
3884895121,,
3884895153,,
3884895169,,
3884895249,,
3884895334,,18.0
3884895345,,
3884895539,,
3884895645,,
3884895789,,
3884895833,,
3884895834,,
3884895884,80000.0,
3884895896,,21.5
3884895933,20.0,
3884895935,115000.0,
3884895981,,
3884895982,,
3884895985,75000.0,
3884895986,,
3884895987,,
3884896017,,
3884896049,,
3884896065,,
3884896129,,50000.0
3884896159,,
3884896193,,
3884896209,,
3884896214,,
3884896461,,
3884896477,,
3884896493,,
3884896509,,
3884896525,,
3884896557,,
3884896573,,
3884896575,,
3884896582,,
3884896589,,
3884896591,,
3884896598,,
3884896603,,
3884896612,,
3884896613,,
3884896641,,
3884896651,70000.0,
3884896686,,
3884896743,,
3884896751,,
3884896764,,
3884896765,,
3884896766,,
3884896767,,
3884896770,,
3884896928,,
3884896957,,
3884896960,,
3884896969,,
3884897030,128000.0,
3884897105,,
3884897357,,
3884897373,,
3884897389,,
3884897405,,
3884897421,,
3884897437,,
3884897453,,
3884897462,,
3884897485,,
3884897492,,
3884897500,,
3884897613,,
3884897614,,
3884897615,39.0,
3884897616,,
3884897618,,
3884897643,,
3884897645,,
3884897647,,
3884897648,,
3884897659,,
3884897799,21.0,
3884897857,,
3884897860,,
3884897872,,
3884897886,,
3884897887,,
3884897895,,
3884897901,,
3884897913,18.28,
3884897916,,
3884897944,,
3884897963,,
3884897978,,
3884897992,,
3884898333,,
3884898365,,
3884898381,,
3884898397,,
3884898413,,
3884898427,,
3884898429,,
3884898445,,
3884898461,,
3884898477,,
3884898486,,10.0
3884898493,,
3884898495,55.0,
3884898500,,
3884898507,,
3884898519,,
3884898520,,
3884898525,,
3884898527,,11.0
3884898585,,
3884898622,230000.0,
3884898623,,
3884898678,,
3884898679,,
3884898680,,
3884898681,,
3884898682,,
3884898683,,
3884898684,,
3884898860,,
3884898883,,
3884898894,,
3884898907,,
3884898924,,
3884898925,,
3884898928,,
3884898939,,
3884898946,17.5,
3884898958,21.0,
3884898959,23.0,
3884898976,,
3884899133,,
3884899149,,
3884899181,,
3884899213,,
3884899245,,
3884899254,,
3884899261,,10.0
3884899263,,
3884899270,,
3884899279,,
3884899285,,
3884899293,,
3884899294,,
3884899296,,
3884899297,,
3884899327,,
3884899391,,
3884899422,,
3884899446,,
3884899468,,
3884899477,,
3884899478,,
3884899480,,5000.0
3884899485,,
3884899576,,
3884899639,,
3884899672,,
3884899673,,
3884899680,,
3884899682,,
3884899703,,
3884899710,,
3884899720,,
3884899731,19.0,
3884899732,,
3884899750,,
3884899752,,
3884899754,,18.0
3884899799,,
3884899806,,
3884899819,,
3884899824,,
3884899830,,
3884899833,,
3884899837,,
3884899839,,
3884899855,,
3884899879,,
3884899882,,
3884899886,,
3884899887,,
3884899890,,
3884899894,50.0,
3884899895,,
3884899898,,
3884899910,,
3884899911,,
3884899912,,
3884899914,,
3884899919,,
3884899920,,
3884899926,,
3884899927,,
3884899938,,
3884899943,,
3884899957,,
3884899977,,
3884899983,,
3884899984,,
3884904765,,
3884905745,,
3884905746,,
3884906708,77900.0,
3884907705,,
3884908386,,
3884908545,39.81,
3884908907,,
3884908921,,
3884908922,,
3884908929,,
3884908932,,
3884909891,,
3884909892,,
3884909927,,
3884910232,,
3884910760,,
3884910761,,
3884910763,,
3884910764,,
3884910765,,
3884910766,,
3884910767,,
3884910768,,
3884910769,,
3884910776,,
3884910779,,
3884910870,100000.0,
3884910873,,
3884910890,,
3884910914,,
3884910917,,
3884910941,,
3884910942,,
3884910962,,
3884911125,,
3884911126,,
3884911425,160533.0,
3884911615,,
3884911620,,
3884911624,,
3884911625,,
3884911725,200000.0,
3884911730,,
3884911741,,
3884911755,,
3884911760,,
3884911762,,
3884911787,,
3884911832,175000.0,
3884911951,,
3884911952,,
3884912315,,37.35
3884912317,,32.7
3884912322,,
3884912326,,
3884912327,,
3884912330,,
3884912331,,
3884912432,38.0,
3884912457,,
3884912476,200000.0,
3884912477,,
3884912486,130000.0,
3884912496,,
3884912506,,
3884912537,,
3884912585,,
3884912587,,
3884912600,22.0,
3884912652,,
3884912673,,
3884912688,,
3884912691,23.0,
3884912743,24.0,
3884912748,,
3884912782,,
3884912798,39.0,
3884912807,21.99,
3884912822,,
3884912830,,
3884912831,,
3884912832,,
3884912850,,
3884912851,,
3884912853,,
3884912863,,
3884912886,,
3884912898,,
3884912900,,
3884912904,,20.03
3884912913,,
3884912967,,
3884912984,,
3884912999,200000.0,
3884913272,,
3884913273,,
3884913276,,
3884913279,,
3884913338,,
3884913418,,
3884913421,,
3884913460,70.0,
3884913495,,
3884913504,,
3884913532,,
3884913559,,
3884913633,170000.0,
3884913634,,
3884913642,19.17,
3884913664,,
3884913796,29.66,
3884913797,,
3884913800,,19.5
3884913814,,14.28
3884913823,,
3884913824,,
3884913830,,
3884913831,,
3884913832,140000.0,
3884913839,,
3884913853,,
3884913858,,
3884913869,,18.0
3884913884,,
3884913920,,
3884913950,,
3884913980,,
3884914111,,
3884914112,32.7,
3884914113,,
3884914252,,
3884914271,,
3884914273,,
3884914280,,
3884914318,,
3884914341,60.0,
3884914359,,
3884914374,150000.0,
3884914426,,
3884914451,90000.0,
3884914637,,
3884914638,23.0,
3884914639,32.75,
3884914640,,
3884914641,,
3884914642,38.36,
3884914646,,
3884914657,,
3884914664,,
3884914674,80000.0,
3884914689,,
3884914700,,
3884914703,25.0,
3884914766,,
3884914768,,
3884914780,,
3884914800,,
3884914943,,
3884914952,169000.0,
3884914976,,
3884914981,,
3884915077,,
3884915080,,
3884915081,,
3884915082,,
3884915084,,
3884915121,,
3884915148,,
3884915158,,
3884915161,80000.0,
3884915168,,
3884915172,50000.0,
3884915177,51.0,
3884915204,,
3884915222,,
3884915225,,
3884915227,,
3884915254,,
3884915264,,
3884915296,,105000.0
3884915359,,
3884915452,,
3884915595,,
3884915598,,
3884915616,,
3884915631,33.0,
3884915632,25.25,
3884915633,,
3884915636,,
3884915637,,
3884915680,,
3884915681,,
3884915688,,
3884915716,,
3884915748,,
3884915751,,
3884915760,85064.0,
3884915766,253000.0,
3884915772,,
3884915774,,
3884915862,,
3884915873,,
3884915885,,
3884915888,,
3884915889,,
3884915925,,
3884915957,,
3884915969,,
3884916081,,
3884916084,,
3884916086,,
3884916088,,
3884916089,,
3884916095,,
3884916102,,
3884916106,,
3884916200,,
3884916230,,
3884916234,,
3884916263,5000.0,
3884916275,,
3884916322,31.0,
3884916421,,
3884916472,,
3884916473,,
3884916475,,
3884916476,,
3884916478,,
3884916480,,
3884916481,,19.5
3884916506,,
3884916512,,
3884916514,,
3884916515,,
3884916517,,
3884916530,,
3884916531,,
3884916543,170000.0,
3884916547,,
3884916554,,
3884916584,,
3884916599,,
3884916618,,
3884916675,65000.0,
3884916687,,
3884916732,,
3884916733,,
3884916735,,
3884916736,,
3884916737,,
3884916738,,
3884916746,,
3884916776,,
3884916780,,
3884916794,,
3884916910,,
3884916916,,
3884916952,70000.0,
3884916964,20.0,
3884916976,,
3884917012,190000.0,
3884917018,,
3884917019,,
3884917030,,
3884917031,,
3884917043,75.0,
3884917063,,
3884917077,,
3884917084,,90000.0
3884917125,,
3884917136,,
3884917165,85000.0,
3884917221,,
3884917233,145000.0,
3884917279,,
3884917286,,
3884917416,32.23,
3884917418,33.0,
3884917428,,
3884917436,,15.0
3884917448,,
3884917451,,
3884917464,,
3884917469,,
3884917470,,
3884917496,95000.0,
3884917499,,26.0
3884917538,,
3884917539,,
3884917540,,
3884917542,,
3884917574,,
3884917608,65000.0,
3884917624,50000.0,
3884917655,,
3884917662,,
3884917674,,
3884917675,,
3884917676,,
3884917677,,
3884917678,,
3884917704,115000.0,
3884917718,,
3884917719,,
3884917755,,
3884917805,,
3884917807,,
3884917816,,
3884917864,,
3884917870,,
3884917872,,
3884917875,,
3884917940,,
3884917953,,
3884917961,,
3884917966,239000.0,
3884917967,200000.0,
3884917988,,
3884917995,,
3884918121,116000.0,
3884918154,,
3884918296,,
3884918300,,18.0
3884918302,,
3884918303,,19.5
3884918304,38.45,
3884918344,,
3884918353,,
3884918354,,
3884918380,,
3884918413,,
3884918440,,
3884918457,,
3884918481,,
3884918544,,
3884918545,,
3884918547,,
3884918588,60320.0,
3884918657,,
3884918700,,
3884918703,,
3884918707,,
3884918714,,
3884918725,,
3884918760,,
3884918761,193785.0,
3884918839,,
3884918843,,
3884918854,,
3884918880,,
3884918898,23.0,
3884918908,,
3884918928,139100.0,
3884919104,,
3884919105,,
3884919107,33.0,
3884919109,,
3884919132,110000.0,
3884919140,,
3884919161,,
3884919162,,
3884919165,,
3884919167,,
3884919168,,
3884919173,,
3884919199,,
3884919204,,
3884919217,,
3884919232,,
3884919263,,
3884919264,26.0,
3884919292,,
3884919354,,
3884919355,,
3884919357,,
3884919394,90000.0,
3884919395,337500.0,
3884919436,,
3884919446,,
3884919512,,
3884919514,,
3884919534,94.5,
3884919538,,
3884919557,,
3884919559,,
3884919641,,
3884919673,,
3884919678,,
3884919679,,
3884919680,,
3884919732,,
3884919744,,
3884919761,,
3884919767,22.0,
3884919935,150000.0,
3884920026,,
3884920088,,
3884920089,,
3884920090,,
3884920248,,
3884920250,,
3884920255,,
3884920256,,
3884920275,,
3884920311,,
3884920322,,
3884920368,,
3884920383,357000.0,
3884920409,,
3884920412,,
3884920435,,
3884920465,120000.0,
3884920483,,
3884920499,190000.0,
3884920513,,
3884920769,300000.0,
3884920782,39.1,
3884920783,,
3884920793,,
3884920865,,
3884920915,,
3884920971,200000.0,
3884921025,,
3884921047,,
3884921048,,
3884921052,,
3884921092,,
3884921117,,
3884921126,,
3884921130,,
3884921208,,
3884921213,,
3884921264,193785.0,
3884921290,130000.0,
3884921334,,
3884921347,,
3884921377,,
3884921387,,
3884921389,,
3884921415,,19.24
3884921453,,
3884921565,150000.0,
3884921712,,
3884921716,,18.0
3884921825,1500000.0,
3884921869,,50000.0
3884921886,,
3884921927,130000.0,
3884922027,,
3884922049,,
3884922050,,
3884922053,24.0,
3884922063,,
3884922078,,
3884922128,122000.0,
3884922150,,
3884922172,,
3884922191,29.27,
3884922212,,
3884922217,,
3884922239,,
3884922250,,
3884922320,,
3884922371,,
3884922535,150000.0,
3884922591,,
3884922592,24.82,
3884922593,,
3884922698,,
3884922769,,55000.0
3884922819,,
3884922834,167999.0,
3884922876,,
3884922919,,
3884923050,,
3884923053,,
3884923055,,
3884923061,,
3884923089,193785.0,
3884923183,92000.0,
3884923188,,
3884923198,,
3884923200,,
3884923215,,
3884923225,,
3884923486,,
3884923550,,
3884923559,30.09,
3884923866,,
3884923958,,
3884923962,1500000.0,
3884923969,,23.0
3884923979,110000.0,
3884923990,163700.0,
3884923991,142300.0,
3884923992,,
3884924007,,
3884924051,,
3884924054,,
3884924066,375000.0,
3884924079,,
3884924090,,
3884924094,,
3884924102,,
3884924108,,
3884924109,,
3884924121,,
3884924308,,
3884924432,52.0,
3884924456,,
3884924459,111634.0,
3884924466,,
3884924653,,55000.0
3884924700,,
3884924727,,
3884924781,,
3884924815,,
3884924864,,
3884924892,,
3884924937,,
3884925001,,
3884925055,130000.0,
3884925073,,
3884925081,,
3884925191,,
3884925377,70000.0,
3884925461,,
3884925499,130000.0,
3884925584,,
3884925604,,
3884925610,,
3884925638,,
3884925689,132041.0,
3884925710,,
3884925770,,
3884925934,,
3884925935,,
3884925940,,
3884925946,,
3884925949,,
3884925951,,
3884925952,,
3884926069,,148.97
3884926089,60000.0,
3884926210,39.1,
3884926211,25.05,
3884926246,,
3884926253,150000.0,
3884926298,,
3884926330,88300.0,
3884926542,,
3884926548,,
3884926555,,
3884926568,,
3884926658,88.0,
3884926670,98900.0,
3884926672,,
3884926711,65.0,
3884926858,150000.0,
3884926895,,
3884926900,,
3884926906,,
3884926909,,
3884926912,,
3884926915,,
3884926916,,
3884927069,,
3884927191,130000.0,
3884927198,,
3884927245,,
3884927246,,
3884927323,,
3884927334,,
3884927440,,
3884927444,,
3884927478,45.0,
3884927492,,
3884927526,97000.0,
3884927658,151800.0,
3884927660,118000.0,
3884927665,118000.0,
3884927674,,
3884927679,,
3884927684,,
3884927690,,
3884927694,,
3884927802,,
3884927834,,27.88
3884927854,,
3884927872,,22.5
3884927876,,65000.0
3884927877,,
3884927881,,
3884927954,,
3884927956,,32.5
3884927980,,26.45
3884928014,,
3884928017,70000.0,
3884928036,,
3884928037,47000.0,
3884928053,,
3884928059,,
3884928077,,
3884928112,,
3884928115,,
3884928117,,
3884928226,,
3884928227,,
3884928295,,
3884928369,,19.24
3884928390,245000.0,
3884928463,,
3884928464,,
3884928646,75.0,
3884928659,86500.0,
3884928716,,
3884928740,,
3884928788,1500000.0,
3884928796,,
3884928806,,
3884928833,,20.59
3884928876,,
3884928877,,
3884928881,95000.0,
3884928889,,
3884928958,,
3884928960,,
3884928966,,
3884929022,,
3884929026,,
3884929059,,
3884929135,,
3884929200,135000.0,
3884929286,,
3884929354,,
3884929365,,
3884929366,,
3884929461,,
3884929481,,
3884929496,,60000.0
3884929527,,42367.0
3884929536,,
3884929559,,34.0
3884929564,7839.0,
3884929566,,
3884929575,,
3884929654,,
3884929674,135140.0,
3884929684,,
3884929720,,
3884929729,,
3884929733,,
3884929791,,
3884929796,,
3884929804,,
3884929807,,
3884929854,,15.09
3884929863,76000.0,
3884929896,,
3884929918,,
3884929973,110000.0,
3884929975,,
3884930042,,
3884930057,,
3884930125,,
3884930163,17.81,
3884930165,28.37,
3884930177,,
3884930215,,
3884930239,,
3884930248,,
3884930249,,
3884930250,,
3884930252,,
3884930335,65000.0,
3884930387,,
3884930434,,
3884930446,70.0,
3884930479,,
3884930490,,
3884930507,,39.5
3884930555,,
3884930578,,
3884930599,,20.59
3884930600,,19.91
3884930652,,
3884930686,115000.0,
3884930694,,
3884930696,,
3884930698,,
3884930716,,
3884930730,150000.0,
3884930735,,
3884930741,98500.0,
3884930756,,
3884930868,,
3884930933,,48308.0
3884930934,,
3884931060,,
3884931110,,
3884931139,,
3884931187,65000.0,
3884931193,,
3884931194,,
3884931195,,
3884931196,,
3884931197,,
3884931199,,
3884931200,,
