1,johnsonkimberly,2611cae1d02800281805cdded8c051ba
2,christopherhernandez,7403262ea7baf8b5861a9ae69d3365ba
3,philliplane,5e215c7be516cff8f230495a65c793a6
4,nmiddleton,02c9804b878245cfde9a325699699770
5,cliffordbennett,d89eb42f7601d6cce604de7dbc0aa33e
6,benjamin51,70fd2f4387a6dc0ccfe7c53eb373465b
7,michael63,a30f51c9a9f471c66bc93414117289ad
8,qjohnson,727a39acee42926ec6c626f0fd9858f9
9,josephrussell,4083df18c91aaa286c22bcd73900b619
10,zacharygreer,a6e612a745c621938b3baf3373057f9e
11,benjamin32,8e14ddbd09cb791efdddfffa02bcdabc
12,richardnielsen,87edfc8bbea9a0cb0b2b8616de4e95d5
13,herringallison,6d87c44e41883ea6890b2e676d6b03b3
14,swilson,482a0157101c2b274d14a8b7c34ac74a
15,richardwilliams,54fea22c22117993926fccd31706381e
16,wilsonsarah,24c2831396929e7c86fd7d96a91308ab
17,john16,1796a2d4e15dfeec42bdf51b15de4eec
18,lauracastro,6d88f51fc6f87ffb436318623aee1bb7
19,mwright,a6e980f925fd6d22bae4c83a49468a02
20,christina11,7590c3196df8cdd1cdddbfc10f2b18c3
21,xmcintyre,d61609e958a88d739f423384f10d2dc0
22,chad48,9bbe6d99f2b63d43f45354677887ae27
23,moralesbrendan,eb63a433cc283b946364bbe892a5477e
24,warnermario,16d48260645d389a84c8f7c943b60515
25,franksingh,286bcd690d76404cf51f52494606c6e0
26,mary21,b95744c58f438a7c12166578e23c5480
27,sharon56,a14d1b361d170456ff1585ec340aecea
28,wigginsallen,94fe264a82203d54332c80c768bf5b56
29,sarah45,9c52c932e199ac261e08710546acfc5f
30,kathleen08,28505d95f6b2e32fd6e3e8e9461577cc
31,holmeshector,459c56e3a8dfd18b5fb04e1e12b02d10
32,laura14,384e9ae4f22469af60a05f1178262256
33,dustinhall,165ad926962c81620d248b4e1fc6903e
34,kwyatt,ad1d38d4a7378d40109ef4b3d1ba7dff
35,johnbrown,a3ad29a432671b44d173902cf3d31c27
36,wilkinsongloria,1158cf058089c04ddaee56bc4d2a79ca
37,hcurtis,e361214e73d4a702e7303ce616bc8ecc
38,jacob45,c1073dd5124424791d1a2c6002529585
39,catherine72,293581ae6ee03cf329a3f02e77047c94
40,elizabethchung,b14a15823ecac5712e755d8a3d2f5ab4
41,lopezdebra,738ff1e11e79007f3f6de08e0f0e8850
42,sblack,dad668b938e6140d949f2a129995038e
43,iortiz,ca8edcdac387f236d8f7c8a0a4d81213
44,griffithteresa,5dc5d19fe270830950dcd7bbb4ef926e
45,jessica78,01ef4c3fa022032d6cea663c77118e2d
46,bmartin,a019bf0791a5bba412460b0bb720c22d
47,nicholasdavidson,86a966d06128c83785b99e2bdc855dce
48,grace87,4b61820347edd3c35bd3f4b991f5ae95
49,ramosmegan,33303ceb262c8407d5d9bae2d131f350
50,christopher92,0a4fd9681fdd2c423cdeb2e7aaaae0d4
51,danielmoore,b26570ee9965f727a312971dc06e572c
52,smallraymond,ea9f10cef0461d3b80dfadc53a625a31
53,cummingsangela,aa95689fa4f86bd611b8c935bdefa043
54,rnash,ce32a57cae7eb9f0d94522fc504fd210
55,andrewsjacob,8b41532010d332c4f9363dd085a12e0d
56,jonathansantana,e9eb88d0ee02664439120ec8504b7adc
57,richard21,bf03b55c139534fdcbf52a46ec33bde4
58,shane97,e75211e350815215f6bbcf9f69f15518
59,cperkins,fe27b7ddb20bd6f126e55c7458deafc1
60,helenbrown,c5f515158bf26bda9c6059a2cb3141c4
61,lori19,42d1efa19c88f4694817338601625c84
62,david76,b5f3d7af22289cfc8a9fd202c5e69e8c
63,patricia60,786632ff1a4460f7d01adb709de0b89b
64,molly79,2dfc4928b999009a3464fa03c3622e44
65,joelshaw,3aa05c4e99d171756b39e7c6f16574d8
66,shirley40,48c0ae032e3e291ce8bc07764fbaa56f
67,hodgerachel,e87450c89f019e42f46784da139a8da9
68,kimberly44,08337cd08798c14a5f0a85289ac7dfee
69,lisasanchez,8cf8ce0c94336cefcdc9bc06c04b14e4
70,anthonycarroll,040660573c961fb1ea86ce8eeb0db25c
71,robert00,2f0a15e686d209d5c7076056dbdaab7d
72,ldoyle,3b2ae9f2152fd1ea682568d91928d7d4
73,brandonmathis,da53ca0925c03ee0525688cdadbe75f7
74,twood,28a44aa093ec4209cae26d46a8659e76
75,emoreno,b387d7c1420ef0247ee56ca09f584e71
76,heatherperez,881dda563a537862cf085313c831c7ec
77,fanderson,9598fb9f2487fede98fdfb2f7aa0279d
78,ncooke,05ff15f99ec42e2d35bd7b5f7bfa81d9
79,vazquezdustin,db31584fec1c1cc5a8019e3358f4f5a7
80,brianafaulkner,865cb0dedbf8dd18a66284671a7aacd1
81,thomas77,4d37d355613dfefaee69b88a5a574466
82,owenjames,e226b026f6a28fa34bc08536244f4d55
83,watsonlisa,0342856df537042954bc41b3afe4723a
84,kristinafranklin,e25be1cc64cf13aa6d38fe54c62879e0
85,geraldwade,d88212e4f7f640254527ac3e090fc4b8
86,timothy71,5d25d7f3c358092a57219930bb14ea2c
87,fergusonteresa,fbf33cbdb0adf3f1a7c1e742398188f1
88,williamstodd,122279677c8f641be466650dfb4f9619
89,tara31,47c396f0929c708e9041be7e00b8a212
90,thomasalexis,c86c040e7a284758ef1ab1652d98fc06
91,john67,caea2eb72b639a5f6f1aaa1620893c51
92,richardschmidt,c2675148df33ba7c7cab039139dbdfdc
93,jaredhoward,a30e43c1b91e8f3e73a79c0c1a768e0d
94,ryanjames,83002ccc04a96e26a4c9a807305ad029
95,thomashodges,e1c73b2047e31a36d81d848fe925c4a9
96,kristabell,1b10902e13a00ffb5516c3d2a07f958f
97,pageelizabeth,d15819ebcb84982853bda23b177460be
98,wilsoncheryl,20bb4618820d1e42f16db5f5d81bc564
99,stephenspaige,893242e9afd9058fec70f31e70aca16e
100,christophergonzales,004a831e37c47a5177ace94c25272118
101,georgesarah,a8da2dd3c6422d7733320331d2f4ebc2
102,ogallegos,b9abc25a0d213ceb9868b4155784a618
103,lisa24,5e5d78b403bdbc9610b8e9aefe0351fe
104,kelleycynthia,8fea1f2cbe12247bb4fe66537d9d9dda
105,shannon62,006a5cd60162846ca1a8c370bab263b0
106,ogarcia,142b3c0e334cb64fef67703bc682f479
107,jeffrey85,b962158ccd878e31fa67aa8b6c3f3206
108,imacdonald,f1cf2e3eba74a76caa6901a70f470e73
109,hernandezangela,e526420bcac8e995abde6c44acc36004
110,ibates,b42232171d55da073d5643cf8b943436
111,kimberly85,721f84e9e297bf093f18da8babf6a6ff
112,hcook,a1e26a047744fa47bf11ee7abc7b6ac9
113,mikayla56,07db11480b3a0924786560b0889b5da4
114,rodriguezrachel,6eccb859dfb432e486dedbfb2db05275
115,pattypittman,15e0e6c05a8c0dc127c075f0f9dee342
116,brittany30,96c7be55966a1810e171d693991e5932
117,meghanharris,8bcf17926484d56d9a87c21330f70740
118,amanda99,ff40895a3faf223070e6a9fb7d3d5e06
119,robert75,5dac4df1c23d93c92b9feede17c5302f
120,samantha86,0ce06580a5dc95dcd28e506ef944d456
121,wthomas,de7ce44d90aa829de696a453badb70d1
122,lharper,f995d365c3d6552341962b337153c90e
123,daviskayla,2feb0db02c48fb6001e5aa29a4884e9b
124,brownjennifer,054557a0b027c042090b689762a2a789
125,josephtiffany,140a89c1a3fceb629cd5f4a9ecbd513e
126,snavarro,fd3e334857eb0116c7904fc3e97887f9
127,jhunt,773d6c866324ac0619caef0b34d8b9cb
128,ocastaneda,b0874fcb788c301e587a3824f81da480
129,jnorton,4e8774d310bab96489a7a3922ea1287f
130,marshalldavid,3535b110142062cb5c7906088958351f
131,ulynn,5e7e33200d619adb7da10bc96bc4910b
132,emartinez,0e5544285c32dab81023091baeeb1898
133,craiglove,e1f578c70e2da9e2bee4ce93bcbf34f3
134,sharonnguyen,faf599ac83e8f8f9525d300a8ed3da43
135,gmoses,c26b5ca96033acec692cd6390a2baba8
136,eevans,326e0f8ef7e785db9e177226dbed7c1a
137,wwarner,8923c5bfa739d5f51016ce61fd220fc9
138,amy41,b086dcef3455a643b569ea540022def4
139,lewismichael,b74e46f5f995b75b83fd5b6d167f6870
140,lisa97,83e3fbe83577693638ae4b6ee73093e8
141,barneserin,01a1d555c2a484ad695195feba8c4a23
142,uhaynes,b26f72e1d397b179a21bd6db127c7f8a
143,brandonpierce,155fdf416b65203c298324030a356533
144,gortiz,90ed4cd4804d3c9cf1bb939fd191b94e
145,velazquezmichael,b215322702a9a0adc6e3e88851016569
146,chasepeterson,18c10fa2cc86c2e2a202e49c4e53bfa2
147,croberts,833e14e8324c0a7aeb1da0ec0ec00dcc
148,michael51,4390303dde6ba4f58cd88dad17f92fbd
149,bbennett,71be9081df80c6be35fbf279c5b4c055
150,ismith,b7d3ac428de2e34c84b4ad88cd02aa73
151,wellsmichael,b582cd6d1556788dbe89ccb7d9c5b40d
152,chloeparker,d499faf1232308196c60a093ed0fc794
153,james35,6e6f14ca1979a0c2c8cc9fa4bbd0ee1e
154,toddyoung,874e83f1f81f67a5f117bb6e10ad1770
155,stephenramirez,90908d1613aead434291c5e08e930e5d
156,samuellyons,44bce5727ecd01cd5fd304e6f45830d9
157,kristopher98,4d1a3af32a691ec402803724011e1bc3
158,hbishop,3fbfdbdb8d2d54427d91de7d34fb8e46
159,katie77,727ca47604460aba8a72b5bd2e0c1f84
160,wendystewart,874764d893907bd90f0c4b2ecde55a83
161,michelle38,a02d52ba3d667f47a9d3ce9c9e78beca
162,jill44,b87a973dc6f0884c92f2aea170891eea
163,piercetina,676bb575dd89bdcbe6e755516696a8b4
164,blewis,1d1464f74400707cf876d2dbe2d39d04
165,mcmahoncarolyn,d772645fdc584a59ac1eaac35bc1361a
166,hernandezdavid,f956cedaa1a310bb484c682a4e5254e8
167,tylerjennifer,40263e2fb1e79671052c8fd4180131f2
168,ibrooks,ae72bf92187ce8324c291982d12ec107
169,xewing,694bcf3ed8c32e6e8e7f146df188ebac
170,awashington,6cb4c689b03698c42bd58debe2df278d
171,gmartin,9ab6221813c5da1bfe3a855c38f662fb
172,cgrant,228b9f42ae5737c9aa8a1a345e0f65ae
173,karenbaker,5393e33f8102da0724bc9d0e617a776a
174,mmurphy,22409a0b8e7a3a69cd93abaaf0ca18d5
175,sjacobson,e1eb347b4682db9b8db50acabdd1ab09
176,spencertiffany,2f72adede361c71f06b292ee98dd226a
177,martinangela,f4d8c782127dc8d2606daf7c4e267b4c
178,murphyamanda,13b059ac35a72d63ecad49da1ac2b204
179,kevin91,adfca1eb191b094929eb906c728232f2
180,wramsey,ea631d4eafd1ee54b8ff614445e80131
181,johnsonlauren,a43547caac74341bef529894338769e2
182,molly70,832685282ca96c04bf34860bc593ead9
183,ellisamy,b3f41015f1ac5fededf8ea1f2893472b
184,elizabeth63,f31b170dfd360b07bd3d87cca8e8f75d
185,kwashington,a0769e9afcaef221d639e0b730ecc4b8
186,twilliams,dfc05df15c22044e9853985e96fc0449
187,ryan18,ce4f219074c4d3c9fca810885a354957
188,amueller,b4374736745245ad9708d9de3a14bdbb
189,bushhector,9537809a74067b9609d7329518c03cbb
190,jeremy03,dc05ed4d34dacbdd9f0313aeb7775f45
191,cortezkyle,2e3971c96cb8a284b718efe0223a50e7
192,juliajordan,ddef90d7fb1e1b7c3a5e134a40614658
193,gonzalezkevin,a028d5441fa21bea68048c45825cbdb9
194,lewiskaren,f75e28536a3388c1477ddddffbf04c77
195,brownelizabeth,549369f39fb603dcb68099062e3137d6
196,roger15,d9aa1d694b2e62a14f1964abe5eb7b68
197,kristen50,402676f1f52d5418203d37e951ab0067
198,clarkkatrina,5c56489788fabc8f2e4f7d64d3339055
199,mcmahonbill,8678843f30a7574c29896a922741d101
200,josephwoods,ae029bd4d4394829c3bbaae04d3c3df8
201,davidhernandez,5ca60dc700df2d8c38c550be0d94f1b3
202,victoriacook,e216360b62e6c8d572b4350cb3f03d6e
203,alexanderhernandez,d2744d375a75c94d28b2662ae5b42fc8
204,lawrence33,97daf4ac6ce25e85814c64b192a40085
205,derektaylor,9b355aed80df79016cb92e0d79248920
206,kruegerscott,d06c69aa6ce8a5ec5c2d66362c1c2c5e
207,samantha64,4e8254227ed002325ed421d03c3e3389
208,bpearson,ce3e7bd1f531a1c91908a19a072c0264
209,sheila82,05e8061ef73d82d37b7ed2f255efabd2
210,susan46,0ebff93e73bf86e1286ec6d4b9c342d1
211,annacarroll,60f8bdace7e11390ea8b71aca8bdbe1b
212,nferguson,fc3fa7b5d29d954aa8b0280b6b247be1
213,james09,c5363ea752bfaf345648a7e819d4fe69
214,jamiecooper,da5a2f4c13c2e58ec3aadb6037382bcc
215,ronaldjones,11970e6c5272faa92049513e854ad6be
216,agordon,aba70906c73bef0bf1eb5fbf678afeac
217,lnash,687b8613ff5e7d0a87f0bebda77e44d3
218,bobby84,1c2622c7185612f08a6bb3e2cd3f51fa
219,kevintaylor,761f85c658f5b271cbc8900e4b506996
220,pearsoncandace,1b32e158469b5c3db0640590cee4479d
221,ymiller,4a8d65a25b66d62ebf3beb909846b6af
222,williamssheila,944a2d45c198b94542714869030ab985
223,stacy62,524a3eb66283c2996b4aa5eae927a685
224,mendezraymond,901e9fb447fc29e89401886a1954b89c
225,delgadorebecca,bdbdbd060d60eab94ff90411f4b80a4b
226,arnoldmichael,0c753fab73a78df4ec021fc6d616bb43
227,ihebert,34433e07e5fa0659f32eadd6fc3e3750
228,jennifer94,1dd7e4ab00c058312a8bcb3ea2ec1f4b
229,andrewcooper,9bd2fff372084dfdf637d6a09e5398d3
230,jacksonkristen,c84b1bb8826f52297c05391366d17e0d
231,hobbskelsey,584c5f0a6e72d19d694cdcf0fa3728c5
232,abrooks,a7df5f95b2452e6b05990c4360b040c1
233,joseph01,9d9575642ee57f9a6b9b2b384710a50b
234,glenncody,ae94d9f95317998cb0fe2e539cd2d619
235,arnoldelizabeth,554dd94ceeeb166432384f53826e8a0a
236,marisa63,8a3204e9f3cb83944dec481b2f12c655
237,monica97,ebf1f5f7d1d135c4294b64d61fa305fa
238,traviskimberly,641598caed1fa2b61a75a709ef5f4aad
239,anthonylara,db4432846393065441dce1c450b5175f
240,brandy58,aa6686abe60a86b23c0a8800c1645e9f
241,jsullivan,f71aaadc213711ffe08d99e4de40672c
242,kimberlybryant,4d2896b725145a661823a1da08d8ce7b
243,juan69,e5fb7426a96feec2b51e2d3b895d8653
244,kelseypowell,5d164fa763a8bdd468adb791dc31614d
245,james01,594185d184dd4f825189f311d11d2d31
246,wjackson,627e8ad942be8ad52c67c70117918a93
247,rogerwillis,94a9f20eca2b3b2e304eedd34ff246f1
248,gwu,f279cec0234bfbaae35d59cddb4378f2
249,lisacampbell,29c047498734e429bdf98b0045ce20ca
250,nancytaylor,e03b6eb715f10fb755fdf3c2fa75f5a7
251,amanda70,478e6c43881d69a6afa2ca86158430c2
252,joel29,aeef685aeb06f51c99799f59646d4ed8
253,wkelly,438815a5b79e625fce767524b567a4c4
254,scott29,623d421eedfcafc6144945a77d12c580
255,tracy77,2e68b332fefb3f14fb8cc3c1610e6436
256,zsanders,b9ef97a9c9e2b84d2f03ee56257e3233
257,zwagner,f42640a8fb9d8c4f8261715731815758
258,timothythomas,83a7a812f34cf5a7547040302e9ecf40
259,lbradley,6859df9cd3237d4af05a15442f34278b
260,brandon64,6fb9e04fad52d31905c1190dfe95d002
261,chadmaldonado,4f188e80d5d46c20f608ea696fa23bdb
262,ybarker,1662807f60fcb61828f69aa5289dbbdf
263,eric06,9c600953b36fffc9881cfffc0d7a62fa
264,denisewebster,68e8d27bc802fbce0699828d144abb9b
265,stephenherman,fd8e96a85ad109564dbab898be1a88b1
266,acostacraig,757f7305b9606a6a2ea5bb7e87f8ec38
267,myersrobert,ce6dde7afc85df865ba952009f13f510
268,jacksonalexandra,d26053eceaa11c664279ad200582827b
269,hvance,842a8dc8bed19b7e5e4a33c17d3e012b
270,lopezfelicia,6c3352d4c7b2ffa355ad2ec088050ef5
271,nguyendawn,c7f8883ea71924e806a569bd7f8fab5d
272,lshah,2ef367a1852fe7b1eb9c29c7d5b75086
273,daniellemorton,2f86f7eaa213afab6da3e8e40659bb0a
274,lpatel,e4b0822e7589683154a93af3c179247d
275,melodyfowler,dd7c9b8dedac142cdf5a489ea43d471f
276,ngreen,0a3a6a93a1053e764963240dd3955922
277,victoriacarpenter,51d425b32ae54a98d24b24dabb281523
278,christophersweeney,2d8c37c58b9281a3a4b5106aee1766b0
279,drewwilson,bae95e5ca457913110e76163326aa6db
280,wolftiffany,e1f2755c87d92ebaf0fdd8d81a50f3db
281,william49,64a15f0784f51211855beef7e0760fd6
282,johnsonjoseph,534d0d3962e297c1611c7a1fdb5660c4
283,samanthareese,db648800fa1a8b98926037a66086e1da
284,erin76,05ef1b5d97afc064957d7a9841a1c664
285,robertbean,44d3cb62251b0cc4062ed9b7ff73cb64
286,wanda29,785dd2fd2c4909a7ee3194914df2ec0b
287,shepardcynthia,a542b2ec1b4373a0239c0d1c4c906163
288,davidleonard,65dd360bb7bce29c44121695a66b0972
289,christopherhoward,de7a56b747922c24285acd19c63bc594
290,coxnatalie,b8df3220f524c40639f3cf7b406eccad
291,allisonjenkins,96fe704e41852fa155eb6f08ce515d69
292,uleblanc,bc6ffb1473952844adc3fcade732c48b
293,john33,01c7ec355362564ea794ecc93d3fa892
294,anthonyjenkins,3323b3a4f0b92a8fe6d283c004175a8c
295,qcopeland,393a03b485e253d2911817bc76f3edf7
296,tara38,25b02118af3ceb6ce08dddf2ea05772c
297,qthompson,17dd6f485fd74704c15eccad80f0207f
298,richard46,19d168be551c4cd68a5e74b59efd3206
299,katieshelton,ebcde5aa243da7f13ef1f70bd96f59d7
300,nreed,802a31542df8668a100ae73fe401581e
301,cynthia82,bff7344c76e769a53654eb6927471985
302,dianamcguire,4512a292da646c4ad002876318c60d69
303,clarkchristian,550e3d0c89faf1d976488268ca04594a
304,bobby69,747e316b5403ff8a122dd421fcb3a66d
305,michaelblake,dbdf9ea4abaa44249a8f27fa5d3fed28
306,joshuablake,e6d6c3ad3f79276be27c2570f18d5b03
307,murphyrebecca,17f86cde6ee1066b2b65b599d491faf5
308,qmueller,6d3f0c529c9a528d4f7779eb4e9c4216
309,williamcontreras,2487a3f0b9f0656878a26e1b114fc4b4
310,irivers,138adccb6d22572fe266abcb074a220c
311,joshuajenkins,d03d9fb1fd929d2541259041d29159cd
312,kevinharmon,059242ea0de4ee584a30b11d7d17e258
313,williamsjerome,5470f39694625aab67df20d9c2865dc3
314,nataliedeleon,8e98e00f36a6a2cafac02a2122414535
315,alexandrakane,38eb5996feee8a789821e404bba70c7d
316,hobbsbrian,eccfe9564ecc5edd3b6061e9a54fafd8
317,zcontreras,a4f5abe5c29c98896f09c6fdf394f287
318,weaverstephanie,cbc7dc5003edcc0f78eca79e0c703db8
319,millerjohn,4b07d9d13d7e20a5785643be16da6b36
320,kelseycastro,e1b837d49cd5791930405ca460f73112
321,dennisjared,a3720fa9a8a9a494eb1eee6e85e12ac0
322,holly07,bc274499949fa893a4f32ea119f42118
323,amanda27,d842cb3ea021455beb3d80fee97ec235
324,andrewscarolyn,751cbfc07f38af47ad7a497cf047753b
325,glindsey,cb1e06433e1b5bb83c46bef17664b55d
326,justinyoung,5c4be77d0dc97bb3d2a3f4a770b704de
327,josesmith,df37d59fe928c1d0145f0a256f6cf71f
328,jryan,f9f812512c220412fca9e1e2c239a62d
329,chambersalicia,e8a0be75f7d444ed73358a26a9a28849
330,patriciaoliver,92df01fd3d653445b612c46734d527d2
331,jessica57,de075e337197706fbf259fbda7d14f8d
332,sancheztimothy,4989b4bc44dfff978726734dc50faf15
333,changkathleen,5838bfc5ced396f18e62263c75fd912b
334,michealmiller,287ad9877dedfdd56da389d6d6f38937
335,millerrichard,62209b38d067fe5e5c4b0a6e6b0b5e18
336,goodmankaren,53171845c31b3964912937ac061c0593
337,pmiller,ddd0d461fe00180567368fb8b7fda2b2
338,smithmark,2ac19a071a94987aeef49ff3b33fb1cd
339,gibsonchristopher,dc6e6f1860553f09d7569cf1c06ca1fb
340,lisagonzalez,76ec9c67f087b8d1d3905247d560c518
341,lsimon,ea9873dd6971f8f7deed8b90a1a7d005
342,rebeccaspencer,0963c88d661f7bfd64b5ebedf3904fb9
343,whitehaley,09a430be457ac2ace545f82a14777c86
344,jonathankeller,320d8d2b2abd1924254b20cda6c05f18
345,linda94,b62b048db1b5cbff436abc82d3f2d59d
346,briana75,32dc653bea0498fb78b439f864564d26
347,paigesmith,743abde7418e627d75edd5044fdeeabb
348,markbradley,e757a135f81def3c76da9260a71f0805
349,halldaniel,101c230a0eb024af3d13b24f23b9eb22
350,chelseacarter,b16bccba4ef32325b3aa699adb4445ec
351,michaeljones,e7d4381aebb210f812e2ea59fb4a3574
352,egriffin,a16e7e5f8e10aa55c38521e23fc7eaea
353,juliarogers,4f08590cc84d4b9c4a1dfa7a1177af90
354,angelajensen,147bcefb11d780c287ac4068f6315d29
355,stephensshawn,e5b062dbf28ae816d7daf25f227fdbbf
356,smithjenna,6379da98ddae19625c4284b81f8c973e
357,bairdbrady,6cfaf17cced5df77b15ea661f5d115b4
358,sawyerrebecca,0ac75a4de14a9ad9e7e06589a32d9151
359,shermankent,d877eeaa2b4d5d12cee287061ea06e5f
360,elizabeth56,12589761d3ca161ddb1d393107775e41
361,marymichael,6cb99dfcc4a0297e2cfdb4e086223ada
362,mannashley,2771c4d6e3f66f344cfa90ab65a08525
363,christopher75,4a137c60212ab8a958a7e4a63e362ffa
364,hernandezvincent,a083583ea5fb4af7bd0e421724fc119b
365,pryan,af2c24bb44ed258f75097149870fb12b
366,mirandagates,6b04021e28349ff0b05a2597987fc71d
367,benjaminjohnson,8f6b1dd304c99d1df36c30c20aec1ffb
368,hoffmanmartin,7c25261cfb0b547f24c319cc1e4b38be
369,karen85,198968d1bd345c46b233b8afc8f0d07a
370,martinezcarl,e7c71a581c326b9a430ec8bb93cf5d0c
371,kimberly30,d7b16cc3844d285be1363354584a73d7
372,nguyenseth,902faad65c61217fa8c4255c3e79514a
373,swatkins,895510998cdd0909570c3fae9bedc3c9
374,deanna78,4b302158fe4afe695c6413fb2c28473f
375,caitlinbeltran,314a9eb92bd0e56f7d700a6bbab6df80
376,manninglance,90d5426c77c30f36db355cf52263638f
377,katrina02,1935345ae9e6030aa73c159fdf9ac452
378,nicolewatkins,b173835803bde884b3424730c1633632
379,duartejeffrey,e00da6148658972b294f597c5ee44d92
380,kirkrenee,e73ab8e147ac6dedc8af89118961f3be
381,jeffery49,f9a99755f309e891b474acc2e1f4de39
382,butlerronald,c279705bc8a421920f4d8f2f2eed14cf
383,debbiepeterson,5e67b89897786256677c6d6d93e97335
384,awilliams,61660adc13d958b526a36307a6cebfd5
385,courtneyclark,7282999d3f5247e3d1e40fcf35ebd6a3
386,andersenmelody,5be18bc35722a9d14305fc685f11b9a5
387,anthonyclark,6b1b31224aa55355cecd432c133394f5
388,david66,f767f55811cd9a1632fe2eb5a6342d31
389,ryan71,532b4f83b3c67e630518d00f458a01cf
390,greenjames,7c39c5e94d51b7f74318ba931a4b4919
391,alex03,86894c4082d077b553209029434429e7
392,ebeck,dd10383d1d51e238775d46bf32735913
393,woodjohn,01f599f1c2a6c96b1fb5ba7d8d7ab14b
394,antoniolong,3de463d21d3b9854de90d645c4fae612
395,nealsamantha,688893d7d6da6bc1c968aafbf227e1e8
396,lopezsue,036b5e6d2f1a9c7398d1f38f50e1c45d
397,jdavis,54b2783bd6078a4c42495a105a535fe5
398,shannon22,c1ecb16526586c0e2dd5ae200b5e33ca
399,adrianawright,5a37b0e400c73c3c0b15386b0f55ec20
400,kathycunningham,a244b918d0f34e42a9da24c8cd2ef185
401,ulewis,db6be1ce0c1718af18a557b681c50047
402,mullenmichelle,60db34f1eded4e619a3a70de8ab86853
403,gallegosjulie,80a5e42afa866e2cc2fb05a588b488e2
404,jacob56,8b459254600e3a654ec0ff2c3f34b46f
405,myerselizabeth,197b37ca68398414a26eafe8850709e7
406,ejoseph,ffb9d7170388888d921315991212dfc9
407,danny30,b69cf2f843d389a4dc7d7758b40b98fd
408,nlynch,dee20f4a9a44bb7cff2495aebc6d0825
409,glasssusan,8e3ac763ab546852d1af3581498b42a6
410,mcknightkurt,aacb6d2870ed9ae4a383364a9cfa9651
411,stokesdebbie,ca575899ad19c67da8fc8414ee81f97d
412,nelsoncassie,e569af07ca46d16f823f7821f028c756
413,richardglover,3f70275e0e34b998a3505d87b7c3698d
414,wgarcia,d638b7091683b204149a032f13313407
415,lewisgwendolyn,52d89b53e757c37b10e9b8c7e7898bee
416,benjamin44,55bcad2ae61be6a25d6e9c736fc84987
417,coxamy,94d086154b2d93ccd936d6365b611a7e
418,seanwilliams,387fbbd502f8a38851a1ba30d9656a8e
419,brandy37,01ce96ee0219b84078a6a040802fd285
420,harrisrobert,9b95e8ecc82e40e51ba4da021813f7c2
421,wendy12,707cfa1d9868872ee65954f545e092ea
422,grosspaul,0e501809d1d7bf821e12ebab8b97dca1
423,lisajohnson,95403eada1d31eaaf9fbe6e1241393ab
424,cooleyheather,66eebd808f09650232758c4b77e3ec4e
425,krobertson,8acec53d8f8c440d90471b17e92d8473
426,nelsonsuzanne,c9d45161b6b2058cae46b272f53a8990
427,denisefoster,defd932ba254db6e7bfbd516b60abbd3
428,austinrollins,fd37b2ffd47880af0ab4f15664963d14
429,eanderson,c7260d3694851cff2707b8064e79c582
430,onealcarla,13ff443d3cfd55505cf82456625df6f0
431,swallace,dfa9b0bcb21baa13de70c9a10361ad50
432,smithclayton,25ed7a2310f403fc6704f764b1e11e2c
433,ruben92,6ab098ae38b688a970ad0c09552489b8
434,howardmaureen,c020231d7f0c1929fdbca45c5a685561
435,henryashley,d4c3f5c2be9b9319521d88b35d0a9de7
436,shieldshannah,7ada02826e7d874d6723b06a9000924b
437,meyerpatricia,deaf8269e849e034e2bae7bf2cb7e5f3
438,zhernandez,c599333011edaa7f211aa49d28935cdb
439,yesenia19,3799064b4c965d09c00e865a4569f776
440,bortega,c19438ead98ed4a62000fce50e1dbb43
441,markbeasley,14ce996e341445bac8c73c6f326f3146
442,sandersdana,6d14fd7d85d42f3e3bdf6fe8bd634896
443,cjohnson,679814b18a1619d1742c5ef857277733
444,michael72,faea306eddf15e14ab6ff0dfc624d066
445,kayla42,25188a50ab63bd683f824782ea9ab239
446,kristen11,1c425f21e84a7423020dc428f71fea00
447,donna89,7015dd26b2a7127cff105e49f8e9ea7a
448,michelle80,4c975026083d5202ca272d0ee4f934fa
449,joseph52,4402277df952f46dfacbf508792bc4d6
450,alex68,7cb0f18db117f5c59fcb729d88ebeb03
451,knightsheena,ff20c3f220232cd0cc3b20b672e95964
452,vcaldwell,b93cf980fe111206ceeb037cdc7f24f9
453,josephanderson,2ccc40e36e5cabfcfbc77dc68bda8418
454,thomaswoods,a72b8b6498dc5b2231da5365b59e3bfb
455,goldencameron,48624c3224970744440183ba9f9372ed
456,devongarza,464f66c3e9d22fc53944a18495467cec
457,brooke82,6bee9a6ab78ca82ea3d3a05f26a7275a
458,dmcmillan,381bb5f0061ff18703140c62250b5bae
459,flynncatherine,cc6c893075aa1356e177a2cd5c153562
460,bakercandace,876ab5a5748c6d6362f0c758b852f354
461,joshua76,29415eb1f43703b3fbc6f8c6ab5efc5a
462,castilloian,a6c31bb16700ec005ebce1342d9858fe
463,wardkimberly,da2b104ce29534870b6e6d73f77e1ccc
464,pdunn,0e276923e2b7d6449103afd8c5fb93eb
465,amandanavarro,4fc1f251ec54d3b8574a76f523e981f7
466,lsanchez,bc22559f3985a370c595729681b08e45
467,darrenmoore,c4682f56949adb87f91b792781654140
468,reginabishop,5249c3e4f2ccb2b42b0cd69bce841d78
469,carolyn91,0b6932be6d6e7a954091af8b0c0a59ad
470,clarkpaula,68cbad1010d43f5df54e1878a499df1c
471,bedwards,39d1cd4c5c083c450b36eac487ff4411
472,perrytheresa,d38a8933d2e7cf98dc7e0317452499bb
473,vangsamantha,760ea83275153846ba13b3bf24d07210
474,alejandrobutler,f9b62c47c5c5adbd92c02a2a4f0d61e8
475,bryantbriana,fc2015794bc3f919beba3ac3cae84599
476,javiercole,7546bb2ac212f5c2bb2891cc32ff89be
477,jonnichols,6875e2f9b3abf02d63dfd1709fddd6a0
478,chad84,334375a87d5558f561f520b64f9669e1
479,linda46,ec786f8566afbb4b2c45eefc067e2937
480,wjones,1022c28ccf0e3c26fe5a3f2fee62735e
481,jacquelinereynolds,6f47ed7d17b22e7e24d9bfffc157eb60
482,robindyer,c395031cc81d3deaa72606ddb405299f
483,mstephens,82d08451aeedaafcf991ce1725eb7854
484,whitneyshaw,6295b6fd6d05497f5c96d148fccce6ed
485,tara08,9512feab31d9a481cf4f270aff34e18b
486,vmartinez,571398393eab63f21abebcb3242510b5
487,kelly42,ea03b8365d3a714d78ce8390fb609d62
488,zachary89,3f44e6a6e661e248d7ffd265a64ba0a9
489,cjordan,a4aadeedaecefa9aff89675bc31f89b5
490,qsawyer,c8a93ff6f51588405c2de31a7ebff037
491,john10,ab9e20918cad443859e32aba7f78f3af
492,kristin24,d6b5657e5fb7626a52eb7f740944b15d
493,anna59,fc9d92dcd3c9cf92f31b41e70def018d
494,hollowaymary,72369c56ae481e577f965e4f752634b2
495,kthomas,2b8b49c3503a98693717912b42963086
496,matthewnelson,86cbe9d9882c7ecafb0d07959f4ceb19
497,william69,c05c82ae0f8dd9359564d676c512f7fb
498,millerbrian,6f56b6020066a2a4dad245bd3b8d9063
499,rebecca66,f6cbdc739395c2720b9a6c5e67a3b12b
500,kbell,f16ad22b96c3725f8cd24b4a726ce095
501,wongbrian,65cf304b139b6f77c2c83c1666a13140
502,brittanyortiz,865148d2691a1d8d95daa56cad853f49
503,calderonjohn,d725441bf7a5ea4a49935cd0b53a0579
504,loretta46,d271a1380d52dc6d3eed69df3be31001
505,elawrence,05c040c19a9ed92cd26cb95ed756786f
506,samuel60,51f3664dffb1f2d73a054d3c33884266
507,dchavez,281ab38413024936ae8204423ad4d44d
508,bstone,9cdd9147c6fa8caf6a22a183d51d08e4
509,ymcdaniel,96d32c049e7cc4d3687a488a3ebe5140
510,kimsuzanne,a876084c3f345fafcd45b6211f41daff
511,beanalexander,1dc8b3889c3ddd0835f7f97f43a08bca
512,blakeashley,f0fd2f528073953b9a7ceee4128ef843
513,justin81,7ab71a795bc2179ad5e1ff25b726538a
514,prestonphilip,9a25aa94843fc7d30cc83c682d728c66
515,hicksleah,c9c801b297359f59c4416522d39fe722
516,vstout,95758d2e58d0563ca53c751ac1c74ff6
517,angietorres,7a9a2e5d814bbe5751cd4304a78d8362
518,garrisonjonathan,004f7c061c40c637170f28361e73b53d
519,mirandarobbins,c6c8fd70319faf18a95508f0613048de
520,catherine58,db36cd8deaf4435de9983541a8cc06d4
521,jessica82,9646390e8e34774978ea03df594821ec
522,jennifer28,5976ae9bbf7b7963d38c1e50023b88ee
523,antoniocordova,1a20530c12f67575f6b477617b0f7479
524,douglasrobert,266326c48a20d005a23ee1c61241d687
525,dwaynediaz,18909806936d8902ec9579dfd95ae7c9
526,denisekirk,eaf77e83644b78ccf21e3d122c5749b5
527,katelyn01,2fdfe9ab72d5ee226b0ec1571bec2c90
528,abarton,68bb05658320dc90538b83fc79481d76
529,gerald80,0ba4371a3c1ee22bb80709f5f42fca36
530,moorelaura,0dc9c1b1fc28d29cbc4bf1c30408e97c
531,tranjonathan,86adc3b7f081f604e1eaecdb4207c2b7
532,markedwards,c56324eb53d1e1527595a0c06c7414a9
533,anthonytyler,c7f227d5b5b7a131619fa1ed358acc29
534,kcharles,001a06bd6e6c7fa29e7a432c584e1547
535,qwilliams,9f350c176a6b72a1c3f2d31e413d7f51
536,jennifermyers,83b2460ac63004830a2e49699a4cc504
537,hmaynard,9237d3ae623f0e9b34998042bf5ec5c6
538,patriciadunn,6d3ee5564e5659144d690ee620f44fb4
539,itaylor,8429a0560c1931e4d4cc86c1633e38cb
540,danielramos,141ef99838287a262fb6d8b7ee10949c
541,carolyn66,1a5102c08d93e1dea37709f7c5eac303
542,christophersmith,8dfcc0282f5a03c81703c20c02bf7865
543,charlesli,c0eb3a1299ef64f5c05635c30c2ca7cc
544,rick77,bcdaaa7f6a49bb0a8d4e948309e6310f
545,zoe40,fe2424e557d446c9de9f42661d934aec
546,rrichards,d269a7053cf99dd9651a25a6bbbafb26
547,evanserin,71168fb2529f6d9b41f66041e139d01e
548,eddiemiller,cb72afa31e4557021ded213278d936fe
549,christopher98,732e7d3e67f8f70a24f2a8b482f70e9d
550,scott75,86763f5d21b83e6477d7b8544e42553e
551,brent33,6e8573fb4c08a6caab69dabaffcd3280
552,melissa68,53266b98d757779df8acb616d21e5f31
553,jtran,647dd6c1dfb4f83a3f1387a04685c8c7
554,joseph77,2cca3aaea49936eed34aa822acd05793
555,juliestewart,3cfac26261a97692aaf65e631565369e
556,michael14,f83ae171ac15eaae592b7284b7c33679
557,david07,509064a5fa0551a3d64fcad29a9a22a6
558,vrice,8c3278a9015567517c3a6d3419ef50a9
559,wberger,1a82b67a48831c79eb781828e35450ba
560,sandersvictoria,784de4cfb1d74cbaba4652aa94e98563
561,moraleskaren,b76a0fe7e9e49d973986a09640b08839
562,uschwartz,c15e5a15deb168bffd34a686a9d4a864
563,julianlee,1ec1869835ad9758e3e861b5562483d7
564,hjames,282ced36b33ff21d47de2dbfa868afdf
565,ebean,56ab314d0b3316b8f0a70308dd5e5017
566,plove,d6bde11a422919fa732001f9d976966e
567,nicholas78,0caa0ef68202d8824c8a4965db158cfe
568,brenda66,7ee7d3be52e23c28779cb61b58288c96
569,sday,b494f3be7db924c6f2dac76f1457b320
570,imorris,58f39b8de852a3b2e0159466e935cd26
571,ccampbell,3e3d056a9aba5f274c5462ab03a01dcc
572,samantha78,e2ce2b20ae4296ffb13bef954e298d41
573,rodriguezmark,f9367203b5f351578e054330d40bb570
574,jameskirk,a911dc05874c07646f088e3ed283c5a9
575,nvance,b3043964070374029f2d86cab816b79a
576,jholland,2760553f371fa629a35595f77bdb1591
577,wellsheather,94408ddd5a7286d1adee70fd5974abcd
578,emily19,78328941547d7c8531c14a9139587d8e
579,renee51,b7f7dc56e48de9e102d32eabd49e5122
580,stevenreese,4e2233683d9182a67cfeefe2ec4be632
581,ukeller,48d3ae0c0109e43d115c50923a641a85
582,crawfordtony,e99d90f0ddd9ba3c502ab06490c9a732
583,davismichael,88bf05ba606d2a47b5252e1408fc3175
584,elizabethbanks,d99e0fad4fbfdb9ccfc8f2cab8671d3b
585,harristiffany,aedf3669b8f131ab2d3ff5e390b88ced
586,josephfisher,c757a4a63fbe687469eb8a684f798b0e
587,matthew11,26f63e0c8dabedf8392c98d682d36a28
588,carlos01,d9eb7254802ba3b89f100d043337fa7c
589,morrisonjeremy,cd751b473ebdd529e27fd118b669679c
590,monroeshelby,bd016a4f43aae6d224093b08d6213d1e
591,brandy73,1a0dd7829e41a8d82ed2a0f11e281064
592,glen35,89672cc276944d6026b8e1c1e849a84d
593,rmartin,1bc235c3c86e9cb09d1b7f29f31c8006
594,reneeelliott,5b3cceca8ad8d2f77384b5ab7594107a
595,kellychang,bf4ef89b54f474e705bfe564e3649fb8
596,sandyberry,e3278673205b63fdb4fc0fcbbceebfdc
597,leblancgeorge,cc03739fc5bf5cc8515309552cf6b24c
598,buckedward,10b46c549faaab1c09bbf8865f4404a0
599,icox,4ce0f9782765d68b141c98b098f91078
600,stephaniecastillo,46d87d31c1f73cbcb7be35878a9b6a04
601,megan35,3c1d4b8d60ae579cfd76c3a266feee52
602,pacealyssa,12f0f70b61818e4610a8ebf8e765c8e1
603,campbellrhonda,a54418f49467b2aad5cdde32fe21af14
604,john76,e885610000e9c19bae488644a43a18d4
605,terrysmith,557ccd7f8796bd8f65307ebece4afd33
606,kross,159a9374a704fcd6029fa019d74f3f7f
607,laurenlambert,960a31b0d74fa679ff077168b777ae3c
608,williamsjeremy,6e438f23ec7bf0804d05827d046e23f6
609,mhughes,aa8d783eb2081756ae361b9d2e589ece
610,isherman,01bb7e0a8d14fce43cee78a273cf9540
611,acostanancy,5a2566cb4e98f2f822a7d305f5b7dad7
612,janetross,516601179411dac10c66660b2c19cc2b
613,mallison,deacb2fa131f935c0ecee24d4e191346
614,harveyroy,a872795c85c4f6c3c04ffde0c66a9bce
615,dlong,75a2772e34f720aa73faf6d284b8d65f
616,perezalexis,2c17ec83abae83a54bdd22fea60936e5
617,jdowns,e3d9c7cce8a527d5791629aeb7ef90b6
618,benjaminwolf,292e1356b775a2b2639d70fe7ccec4d3
619,elizabeth80,54cca2d90164da2a712c8745b16dfd82
620,hmcmillan,40c1e8f0eccff84b284422b316b22121
621,evan14,77bdbd2ee4a71d36d1a500e99e199bdb
622,kandrews,095efd116a2475c30eb9949366b7829d
623,jorge09,0b6d3916ebaa04b6fb7cf7419e78e61f
624,robert65,3029d9395b4469176c5845503f65fa37
625,scaldwell,013fa552a1492d812b57e248a90e4901
626,gillpamela,cbf0236e1d2c0e88ac242eb840e27c64
627,masondiane,2ea79391d01a00edaf2761a20cdb009e
628,corey98,83b7fe43b525cd1516ddab399b00f67d
629,ipacheco,30315337608ae315c9821a6b86268270
630,woodlauren,67e1d04a09f4d922ad8b8e932fa4c527
631,samuel09,31639a66cd637a880588a976651bc5c5
632,jennylove,afc9f36ea3c82c718f634c5da59429c0
633,millerjoshua,a71ff12a33e8db97e7b78e264efca336
634,alexander84,6fbf644b18aef91a65f773f773b2013b
635,rperry,0007ff89e29e39b9b1d5b9854c365d51
636,rsmith,42ebe5ae5349e28085bbc22fce0f0cfd
637,timothy55,a788527689f7a605d41393e0fb07e3b1
638,danny49,521e06d5e6500d0fc7cbd811fce5eed8
639,herringthomas,ec83de7bc8bd1ff3c47781e796f929e0
640,yhartman,517d62572671225ebd4e69bc5b60492a
641,jasonsmith,f6aecf61e513147cac4d837f7fb1472e
642,nathancooper,1153ee30139f3e65f8e3bf4851ce4e3f
643,paynerandy,16f1ea6537831cb09bb7dd688374f1d5
644,bentleylaura,76af5aefa812a0d8f9bdf60a053ddedd
645,hornjordan,3370ea0e40dbbfdbefb81c4466d56536
646,davidsonraymond,bb12d0aafc7c4bc20fb554056ff1ed4e
647,jack89,46cd664369be24e35c252c8cebd742ba
648,david75,22f456044fd276753ace0a3d4f2041b1
649,jonescesar,b6a32c38a929d3187caabec96d50820e
650,saraparker,8232a3c3e1ee474879f9612e0f78597f
651,colemanwilliam,b20ce735b9f6dd7e8f14c352e88e2793
652,trevor67,f4f4ed4282ccdaa0e8d7e4cfa0068320
653,ywarren,1c93a816c863fb1fd16d5693827de15c
654,ncampbell,48b5ce539659de8084b6e80aa1602339
655,wendy03,a45daa35a7565393755848f3e8cae733
656,sierramoody,262fe3963d06f4dbe7aee45a7dc74955
657,ktyler,fd14ea4a2ccc9816c5fdac2ed384f2eb
658,deannabenson,2c5a4268681dfaa60e9b12fdba3093ab
659,obrienbrian,f29c13b6d1413b21b1ce51697df1894c
660,brownanna,401535cf25d6f67ff7cccb6aa7a41a0f
661,barryrobles,deaccc7d820c8fb1dad814b3fdb86efa
662,vegagary,3f5343a695c5c8f24267f51cf4765290
663,bensonjennifer,ce74c4ea4cfbc0c03eed70565e0ea36e
664,kristopher94,cbacc73cf2615d5817a7f10ba8b71fcf
665,elaine12,413f65875a8bdfc4a6e55960e29c8e89
666,tiffany44,6f51203caf482a66ba79c7d0c123eb13
667,hwilson,aeffeff5b203293f847892d4a24168a8
668,lindabeard,85a1144254591c2e65ea02342fce0f76
669,paige52,4d6c45799c3f9d8e74f2537457214998
670,whendrix,c61803150e76c50bf4c644bfc41c023b
671,aliciashaw,a1d8bf1832c652a1836eb7b30410567c
672,christopher24,21f9b449e54be4da83776153c3b485cf
673,andrewrocha,08a11b8584aeb16c03dfde4cd95de767
674,angelawood,f51a1fea8555c128bf562766e16a9ce7
675,joannacole,1dfad735c982ff4a4e7e8929467689d3
676,lhudson,63196451e327b166461c54d6e036bf86
677,edwarddillon,d7072d4321f6f00325efa3f948aaeb28
678,monica12,09b13d0b5a768aed1387a546ab8f70b3
679,lindsey55,3bb0b89ba74fd36d4e9ee5bac1c417c6
680,colemichael,a2e6b4eb13b5cd680db7629a213caf1d
681,melissapatterson,ddb710ae59e8cfa44d22c51f629b0245
682,wgreen,90c90164235e6c0c3e49edc0fa576d64
683,guzmanmichelle,4bc034ded733a20494bd6f901021007d
684,scooke,321ffe2bda8499df2c2b9f976cbb8042
685,deborahpatterson,f2066822eace15ea21dfff137b8c739c
686,barnesalyssa,cb8b1849110bbb7fafe5dc1e4c3f0fb9
687,muellerstephanie,20d5fd5813fafcaed5971af569693a26
688,cgarza,7062cce571a8060cc248cea32d5513c9
689,maxwell56,673f0217445259937bc8d2b1b7bc0bc1
690,collinsmichael,fca4c17963d1c48d9ae4d55609783f99
691,mrios,117c49840297bb52a7ead7162b696871
692,thompsonkevin,5d45238f491e6cc661ad2487ded85e02
693,xshannon,fa686f24f8084d61a1bd7c9c2852746b
694,pcastillo,6ba6324cf9cf811d0650cdfabca60c52
695,samantha87,782fca298623bb737df4c98b9ce823ec
696,fbryan,0d60097edd4190a208c8a2de8801fadf
697,hconner,8ad32df4c777d7b815bb409ab22a72ee
698,sheena26,506f45108ed43dba36f411f52ffa4eed
699,turnerjoshua,70816667aea607c0febe8156073f4907
700,joshua31,49967634bd4e3bae5c6d33dad47575f9
701,andrewdorsey,84e9b9df1f8835de4596837bc5bec409
702,walterbanks,060b794813454ee6c248b208c4dd90c6
703,michael91,aa7afe6feae72ffe98be8835792579d6
704,deanjennifer,ce6896abc1fe9c37011a21c4007b1700
705,crystal06,cb6f44bbbc9a7f7751340741c2798ee7
706,curtis33,eed6ee84e916b57d65a9e6bf46f72219
707,jasmineabbott,0c0ef5a2f91d7f139936e337389172dc
708,pamelatorres,d65ae96bddd96f6dc2c83d680a6fbf75
709,kanejoseph,b9d02f0d37a3237b5ed524291994067e
710,christopherreed,111833b0db9896bba1ac9b9ec26769e3
711,kimberly78,0245396ef3e7d5f0f5de89330e9cc16a
712,kimallison,8dd5bc117aa74a137a6f78a27a47b009
713,henrymack,da775dc31e7d9a2bd0612e07879a7734
714,renee85,fcf420b26774fc1c981126089463c12d
715,tonygrant,375262167a22d0c4f085da82f40199ab
716,kevingarcia,11773ab3b5bbfe859d54bcdc13dfac29
717,fsmith,909b8fb09c3f356b9976649f88dc6628
718,desireejones,e51f000039633309daddd748a3f21760
719,powelltroy,b3406bd7717bb895c14fccea4a9c0925
720,jacquelineellis,e85811bed864d397f64a4c7e6ceacdf3
721,millerjanet,1d012667ea9482b512b3dcfe084e0082
722,fowens,6ac7dbbda68bc231c4012850b41ee430
723,theresabush,ea8218128e72b52570a49b1546a88da4
724,julie90,e05a696fc9dc77cfb04aad6944fd7595
725,ramosdarren,f9a3329e189076de7ff009b1673ff9f5
726,trevor64,c00358b980fbbb8743244cad69fc95b6
727,zjackson,33bbeb974ca382b148917cbefd9d0d8b
728,william89,c907531bffcc29bf5dcb290bd1741962
729,bishoplaura,2747e0dc0005d65e309d2ea3c97d3d3e
730,eweber,09ee1dc6fa6fade74845d0b9c1dd1c7a
731,sheila67,c068a3cc107f9b05e69c39871c4d50b3
732,ephillips,1f5d7b1dc92a44f3c61d44e2f0017f60
733,sarahbishop,109c24bf6aabde87f42e81fff31797fe
734,hscott,984098bb01607452fe0a7ae01af611ef
735,ritakelly,0a9dcf2e7ddd1be7319bbda7a524ec02
736,xscott,0edd2861350471006ef254033a2d28b2
737,kevin01,d3a3a3448c679cbcb60998599c4f0c9e
738,sue39,f56d881e1cc1167bb67f177b7b521ae4
739,cmcdonald,d54bc90f3067e105cf18e46ed9d42d78
740,pricealyssa,96c4390a9a514ab9c729bbc0fae21565
741,katherinecabrera,36505a8f7efbaba58990da85c8e0d9b4
742,qfloyd,763a438e880565d399acd2666488d828
743,dwatson,68f95fe8a0082d30576fb2b2f0bb04ee
744,stephanie49,45cc3381d416b267b1a1855a9962efa1
745,rthomas,7c21681c880683b78de8fbec3be67ca4
746,stephanie51,d589650af42f18289de8dcd5c9c30963
747,jon21,d8d8c41943fbe3b9980796b00d2f37f6
748,tbrandt,6a0072d60e3943158cc6b63526761d94
749,cball,1c51c6fab2cbe508a1d0f54f20ba8412
750,moorekimberly,77370e98efa3b6cff3c2016ed53b7862
751,bethwolfe,e9217604540f1e7ed55b105a5c78c682
752,richard34,8c1beed43f36faf0a93742cbffee7743
753,bnelson,eeb0d2ebbb06e9738a58a924be06fbb6
754,bhall,798e7377c12c4ff5621a50c6de628a14
755,sharongreen,665445526cb6d4d011f5b1d0546ceeb9
756,matthew12,a62796272030544f675e117b357f6fa6
757,tranjames,e0a684a8c0a9ee51025ccb8025a2ee4e
758,hcarter,5a346b0bfa0044f98bfffb45832a3ccc
759,waltonlaurie,a7a8ab82ade9a61a772d866ca2dd4f1a
760,philip03,2d929a2c110ae846d5c0c7331ccd4803
761,hrobinson,d70e490c6e1ebe703e178f1e5d74726a
762,henryderek,41c19b8845893acee5ff283c14971b1c
763,michael08,2b7bb6dc254e41c2bf20efd3310a38f1
764,sue44,355b960d60117904876bacffcc2427f1
765,kennethgray,5ecfd9f5572063c0f75c0c012fde043e
766,tayloralan,09f759675884eb510a1e1ad4d43ae035
767,ayalastacey,9a5ced6fa18ee233f11481bc2b288c59
768,christyterry,f816058a0786cd9440c1580b01f98708
769,scottemily,83c8d5bf26bcca8055d418ceb49be6c1
770,xtaylor,1c7f410c40e3704a4efbbf208816db92
771,ooconnor,2817b49ea7ae2846a8a34ccf2772ed29
772,ryanfuller,17d830d0ff9f740457b1fceb2998c15c
773,kimnichols,95ac494e3aeaea487455eac279642335
774,imeadows,2a61eae70566e3c41dc8ed6e2a07917a
775,davisemily,9941e4c361d7cc560e41256b1d9abba2
776,valdezjohn,8692f6f8c132df0fc13a5178617d31e2
777,derek00,1b21edf8338ebf9b0cb75f765bb692c2
778,amy11,58f1212801a17a8a4dc73bd04ff21f54
779,andrethomas,ef68e36b9446d8b30fdaa6c831e8ee7f
780,vgarcia,1869843e95401e4781990f524485c1b5
781,thatfield,c8e4382848ab0179661b9cf144badda2
782,aliceparsons,5e498015ba2d8ba79f448ba60053781c
783,brent26,463e3e5798b0b7e82ca243609e260c8e
784,jill72,457fe3580a9c36563c18f8ca79270106
785,jacqueline81,87c455a628b7465cee7118271d2b30a6
786,andrewbell,bab20bf116c0fc52a7c58bb4c18c287f
787,vgonzalez,defbe4a73dafdae3858b43ac638552d9
788,savannah42,b8a85169e88e2ece38fc5b8dd8244aaf
789,jensensheila,aaf9e91acfff8acc58fd1e50185aee1a
790,rblankenship,dfeeb87e5ee8749182adacf78048f1f7
791,kjackson,0f3579d1327c0fafce15370ba5172125
792,tvalencia,217d04b9d3a8c74d26fa687e1054eec2
793,kwilson,087f742c5e605388d867b34a24072a0c
794,gary06,1f88fe8c81ddb9247f7bde199ac70be6
795,hayden70,e87b8ab36ed22861108fa18867a40c4b
796,rachaeloneal,6558b341f6aec2782d6f22ee93618f90
797,hfloyd,d6828c0b1467e55e9ced220c3a650852
798,sarahrobinson,bc147b1f6b6af0b9fd15f4dbcc978823
799,campbellcarrie,d6fe5754bdf48679cbbda355749411ad
800,cathythomas,673cd3880bc145335bc35e05ee34a08e
801,reedchristina,3330fcf98199dd6c2b78bbedefdfc976
802,johnsontammy,9dd0f82d1be6b06d56e667ea3df47444
803,riverasteven,ef42c7e28fee661257a61c9a9bafb73d
804,ashley06,3ac290fba9cc6c10d07186e0adce2731
805,shannon04,ec1f7007124fa744752d83026d83320d
806,ann04,31f8f968ae5cdb217c13f14851914f18
807,cchapman,50e48f793114903c4a7c425c84ea766c
808,sjones,1c9bfc6d93980734ec4fa0be578aa94d
809,amoore,7041160e6d8963816789bf2480713875
810,johnnyroberson,9c3f6374d8477aebe467ca0b28808eda
811,reeveskatherine,d375e5cc05a1be59c27ec7ca011b799c
812,cthompson,2af6465ee00c63e05029bf85022c1b43
813,kristenbailey,c6ca2c0fcc25548d11333b697bef27f4
814,jamesdonald,dff5d8ac46b44f7ba42d51b527632cb1
815,johnsonkatherine,92ee793407df86904bf626eaae0d668c
816,millersamantha,f950fdb55fe7ad6a1384bbd9d3a059b7
817,craigvalenzuela,5de5f51df706ac16d1304845eb9398af
818,jenniferpeck,adab2b142e05b1accf0986fdbf1193ee
819,theresasantos,c164b1b488424ca6aa15e19828c5cac2
820,gonzalezjessica,59d7bcd9234447862a71ed0d1ec0008c
821,rodriguezjasmine,76d58b64e0a8f0546c8f1c25bfd99196
822,jennifer53,ac34e512e1fd9ed86ffe44ec919ba917
823,deleonjustin,441632a9daf9c22dd95fd6841fba99f6
824,kennethconley,b0be0affc184882950dd5579dd744218
825,millerlaura,98d3a061cedcf64c68f0f3f4a31fba21
826,nsanchez,f1b410cab0234d9a1943e0b02f7f8974
827,zrodriguez,e714dfd4bc05887942090bba80ff6ab7
828,troy35,617c87cfc34539946bdccce7ea785a92
829,moorejoe,4306be5492261230351094910715fa22
830,christinegonzales,d9b59cdafe8032ea05d12af18d58f68b
831,jennifercook,36618a731a6681845f6fdf3e672a10fd
832,hodgesheather,b6653cb5db8037b7cae0dc67740ac801
833,uday,76c982181239a6d274b36c88dca13852
834,crawfordjames,b14f454431ac1a42bafa760110c0fb07
835,crystal36,a729f8109dca18aa3f6f979a54cc7387
836,pagejames,641943aab5f7440a499a175e2d69d841
837,paceethan,8bdcf3567cc01375c447cbb428d29f4b
838,ericscott,4fbd01d44b527572d381844ba72e5f7a
839,gloriabartlett,24e5a8249134f6fa87b93f5deec42c0e
840,brandonadams,1c944e722ddd74bc5559b82d2ec94995
841,lisa91,8f13b15cb69663fa4b9c54e044db5ff8
842,humphreytyler,3ff04a948408c383b7fe40c6e239baf2
843,jacqueline36,a14a1b1dad52439d4565a3dfb07e4ac2
844,cassandraparsons,d78d7f259caa600b91998ef22637b3bd
845,debbie22,a7eff24bbadd8f462f342d9f4b1f6c74
846,ctorres,6710339392543a77a793b9332243b8e1
847,lfisher,c525773da107127efc6e09c3d43e6bbe
848,mlittle,944be6b7e67ac23a48dbc217c4cac601
849,brianbenson,a41c4c560ba7b5b384791594f0882e86
850,morenosteven,ee6b8fa3819c7a9ef64be0ecef2547d6
851,dennis08,941414b2b07351d59e6b2395fbc47523
852,christy33,3f8b398e8f07b4754387103372a929c5
853,hstanley,34713814f28e44c26e0f77b21969ef42
854,stevensaustin,43bd06ab89a89e9760f2f2bb77e0f01f
855,mooreheather,f47fc0f5cebfda4d4a555973280d4f5f
856,jeffrey45,9cecba47afe95a7f83ffa474ba8fd61f
857,hoffmandavid,f2e58c45cadd689d640516127d70a437
858,tiffany33,71d70d1f2e2157540d353555732a381e
859,halebradley,963d230a0e0ad853a7593ac6a94efe90
860,michael99,0c77f71d63bf838248afa0ba4910c69e
861,sarah87,b460c28984150ac0dafdda1fda801609
862,shanewhite,875a65779e21f8671667f3272554a6fd
863,qmatthews,d31f11ae812312fe0b90c43ab1ba20dc
864,kanderson,613dce41dc3e09e1385d4cc91c740ec4
865,samantha31,66fbabdd640341270e7926b6b05b62c0
866,meredithanthony,9624f111c65efb723cdb5aea47932bfe
867,john98,d540ba6e5386afdd2ef0f06f30d41701
868,hmendez,c479a300e9c0e520516bf28ff52233a7
869,danieljackson,38f9f2835b648d40b8f8a8dc9da44263
870,matthewphelps,a95d4b89c1c3f3d7a5bb3f200b55f954
871,jonesdonna,238bd6f18fce94007038965e0c85e5a5
872,linda57,6ffddfea596e0e4cd602580e92a01350
873,camerongutierrez,56cdefdfd5329e1fc97e17bee3c208ca
874,colinlin,8bf5d73e3dd1edc6c5d799b89254542d
875,johnsonemily,2cc0e8046ca3450f5eab9cebf8c1aaa2
876,perezdeborah,8019158c3b6c129b9e07363e0363b8c6
877,joy95,89c0d7e4c0af9ce03aed58f040d149f7
878,sandovalmonique,c134626d6345c592cfbc75ce1ba2520c
879,kmiller,31a3c95fb0deb657fb828f6b409a19a9
880,williamsedward,be7b1aede193ed252fddc3ac596a1d18
881,jamesriley,dccdc57e12e54a017b06d7bb33d3ea44
882,llewis,126f7c2cbec0cfb16503a6e9d97db290
883,qcosta,c261d59fa04b4106480e755faa18d336
884,taylorhamilton,0f69edb3a6fc2efb9c87c53e134c4dcf
885,virginia04,cf571fa7d719c65ad89e551264a69e0d
886,smithbrian,bc622a0f734cfc976cfdd48b8a4c959c
887,jennifervillarreal,0025e342e770da7e682adbb9dbd9c654
888,qlopez,080ecc33e2a54b5d3a71f490f621d91c
889,rwilliams,12abdff2e96b5171f19775ae8a700341
890,lroach,35eccbda011d9880dbf74629a17663d2
891,johnjohnson,40c9b6a2ff61c05899daafef1512ec86
892,mendozamelinda,0816357074143c735de8fe9a014c9691
893,yellis,38d6e4b1717c4ae5fd37732846a21825
894,anthony32,66734d61c4b2543ae2c18730fc46473c
895,robertanderson,5679f38c93d6c101be77e23b45ecc584
896,jaylopez,cd2dfe8a08e5b09f93986e917918828a
897,erik95,6fa1c1b80239e201e6dd36c49ac51d64
898,tyler36,83dad69b6bab226c15d484448d61f5e0
899,xpittman,270de8a5804b606fad66346a0940cb2c
900,hickmansteve,db9518c4429fd6b67795e244823f29da
901,schan,11079e87b429254271320efa922632e3
902,wgardner,8544a81a328e06e7c10d7ee3415a72ea
903,zbruce,10f603794c253efb6eb39313873f6ec7
904,chad57,ed73cef05e83887b6b31c7ba0f02b633
905,jessica58,d0f8b12660f7a43d721b3bea6f66f35a
906,wgonzalez,9ea60be4da153a7751fa053f7801a3fd
907,maryhobbs,d70250ee0e24e3caef77487c6ee39d4f
908,johnsonsara,ec364efc45bb0b1e7cf1fb0384d84e86
909,millerjoyce,b60e490dd550dc167e3605c6314facdd
910,arroyovalerie,5b6abea3e59785b6135a588eef5aaab7
911,jmejia,27a9a8042e3ab17a6ba857192e993e2a
912,alison42,b99575eab699fe4fdbb7356b1d2c9a8a
913,david82,1a26cf7bcdb202e3d4021c0d04b33983
914,wilsonjennifer,1871c201f9a17564505bb9fe661dcc3b
915,gambleadam,fcaf8cf7a0b8ce8c9effef71bcb9c05e
916,rebekahtaylor,9e11bf24480a8d9eeb406fb521a32e7e
917,collinskevin,2eec8b0ddfe407f52ddcecab9fa077a7
918,victormoore,fbe7937547ffc5126533cbf395cdb616
919,wellsaustin,be6d2d008f705a617db284dc6907a83d
920,nmoreno,74d2f1f17ca7ac26296d1757143efce6
921,ericamoran,6568e19410e139b2a680e877933ccc61
922,hbaker,324079ac94203b8edfad3b74da1f25f5
923,wblevins,17224c2c7edce6c48237c7db8bc7a2a6
924,jeffreydavis,f4d3fc909dca5e5a8b57b6bad9799e99
925,daniel20,203e6cc7821297c9425b79d90de5e96b
926,bridgesmatthew,6972259b420999f0cb495a2b4fb82a22
927,xmitchell,6517594235ee993329765bb3d62c1875
928,lindseysanders,863c4c7dd3924f23c4e602be721cc0a5
929,cindy73,d03467656fa35b5155fa60a923c98bc0
930,douglasromero,3603558a48a7a9b2084d16dda942d451
931,reynoldsaustin,d4688c7cda52a0d77c357003139b9bf6
932,jenkinsjose,498196c66249598546e28c7d65febe1a
933,denisediaz,3a7454a783facb2d6d0a52af5dcad576
934,vsimon,be15a2099bf0a62e979fe8b8ba553e12
935,amywillis,9bfb981c4df7596535eb495591f2ac8e
936,pclark,022c1ce190c1a2609a00d674b696f7e9
937,gwolfe,1f0ed54e137be8bbc7fce58f2df0b290
938,chavezthomas,c3061fc7c19978176f682febe96151ee
939,aaron28,2d26bc90d4cb9b3ef0aeb8e759e494fd
940,chavezkara,62345bae076a83f4fef28fb609328826
941,jonesstacey,bfe05c072f9e1d7860ff3cbf20fd85d9
942,rogersnicole,d7d9e88647f637393df47aff72b02426
943,xblevins,6836a7386daeced23f5d09843f854a68
944,susan34,621bd7954dcbb3d312e2f6b0902ad98f
945,jenniferbass,5aefc4dbd1f71a400654d83981fb6ec2
946,joseph13,37d0e6cc0348662035f64774b9accef0
947,nking,9450eb15e89c7e1b3c1c6d0550cf8a9e
948,evan68,04edd994fe92cef17011fb4e18d039f3
949,ricardo42,37c3cd853d94f03dc2f779de8dc5249d
950,angela81,67da9581b9d424dcee2a8d09d5ae5087
951,josephtorres,0576ab5060d656036ea95b463eb51439
952,davidmoore,b00d0fd0aec84fcdeb0e9889607da7d2
953,katherine64,7a3ff8b375f322640508952e77d8e4bc
954,johnbender,1b585fb6ec46b7983efc35e4e4bb51a4
955,michael22,a23695ebb9c18fd2b0f3a06d59886e9c
956,barbara56,27bd2c4c210e69b8ccc81b2c46f1bb15
957,helenabbott,efe02facf7509beee639eaf2a63fc863
958,curtisbrian,5b2973510b652166870cdd66ec36286b
959,melanie02,36c9060e3d2ecf16bfac65e84b150e49
960,johnsonpatricia,4ad5119d345dc9de923e2b55d787aac7
961,mary35,95f6805bc764704002f9aa6ddbc60215
962,fgonzales,668186a22d0fe0328603371623f6069f
963,harrisongeorge,5d734674713ac0af504285d7e6437ae0
964,gina21,e75fae9adf1b49a0fa42914af08ba1c8
965,zguerrero,634cbf0bfaa1fe814094b97bebbf288d
966,williamslisa,ec03995948b1968893dd2ecc2a4ba6d8
967,timothy26,e4128b175fcbd0d9c6ae6c8aca0eaeac
968,williamsonrobert,8d2562146ecd630edf6490a53bb6b05e
969,yfrost,dacd135de404cd6492479587c11f7ce8
970,perrysarah,c8c0549bcc8545665896cdfb86790bb9
971,kari47,93195e68bfc39b08dda45e7b02a89ab6
972,marksullivan,af2d7e3fff2ab9c73282aa7d6563864a
973,kwilliams,9dd4d7f8ecc6d412c7fbc4332917b80a
974,ohoward,c4166324fa2e71e43ad7a174dca81ca8
975,johnsonkristen,ae074b5705166a3523702bcd61946795
976,andrewsjoanne,6119a2ba6976e9963fee34742a4149b9
977,ahenson,f14ce1d92e240b4c8c55fb2a4bd257e1
978,clinetroy,81f1b3b0933272c5bc948d3ba83c4054
979,jjohnson,5aa47c52b19de7c9db07d6cf6330c956
980,morgan69,2f8239ae89e56d6d4c929dd389131b35
981,brandoncastaneda,25d001c15790e71abd57413d840c3aff
982,lowerygerald,782b8ed66db480cc48ce882218b3fe47
983,holly91,507a5658b4c76d9caa20f4a77e47daba
984,ehamilton,31d4074895569e03db2483d122e1a3d2
985,david92,6e4db4f5b9de478c352748d8df7a0ae2
986,jcallahan,4d9a56c07098e78cb6b842f22cd69406
987,sloanstacie,9c75c31fe485940f74b9e86c43961cf7
988,timothyscott,7b49c58fad961c885134db5a0b5eb4a0
989,alexanderbarnett,b8902827e429a8cb6f17b6c4956e1592
990,hunteranthony,79713cf053134d18bfc6134edcec1951
991,steven42,649ab053c33e0cc97aaeb2bfe28a5a66
992,eric94,f84b2e5f9d257d24c64ae8f4a88edfaa
993,amy87,7c9d364c394e398746c0a0b002fe0782
994,rogeryork,050b2a1c3931c31df9e653a0f18b556a
995,nicolejohnson,fe5d17a747c2726e32ef017727d40ce2
996,eholland,fac3544630c94f2f8c76de3e88cc6c7a
997,alexandra76,e11da9251775338966d23aa98f8d64d2
998,fraziermark,b1295dc95f4669e84be9205fcc437481
999,jeffrey88,c18671de86838b5f06db7a9304b33f8c
1000,joycemcconnell,1e6de48730e426e0b03e348762a353ce
